book,chart,first_week,last_week,weekly_charts,rows,first_page,last_page
1940_us_singles,Billboard Best Sellers In Stores,1940-07-27,1940-12-28,23,230,43,48
1940_us_singles,Best Sellers In Stores - East Coast,1940-07-27,1940-12-28,23,230,96,101
1940_us_singles,Best Sellers In Stores - Mid West,1940-07-27,1940-12-28,23,230,148,153
1940_us_singles,Best Sellers In Stores - South,1940-07-27,1940-12-28,23,230,199,204
1940_us_singles,Best Sellers In Stores - West Coast,1940-07-27,1940-12-28,23,229,254,259
1941_us_singles,Billboard Best Sellers In Stores,1941-01-04,1941-12-27,52,520,57,69
1941_us_singles,Best Sellers In Stores - East Coast,1941-01-04,1941-12-27,52,520,153,165
1941_us_singles,Best Sellers In Stores - Mid West,1941-01-04,1941-12-27,52,519,248,260
1941_us_singles,Best Sellers In Stores - South,1941-01-04,1941-12-27,52,517,344,356
1941_us_singles,Best Sellers In Stores - West Coast,1941-01-04,1941-12-27,52,520,446,458
1942_us_singles,Billboard Best Sellers In Stores,1942-01-03,1942-12-26,52,520,54,66
1942_us_singles,Best Sellers In Stores - East Coast,1942-01-03,1942-12-26,52,520,143,155
1942_us_singles,Best Sellers In Stores - Mid West,1942-01-03,1942-12-26,52,520,234,246
1942_us_singles,Best Sellers In Stores - South,1942-01-03,1942-12-26,52,520,325,337
1942_us_singles,Best Sellers In Stores - West Coast,1942-01-03,1942-12-26,52,520,422,434
1942_us_singles,Harlem Hit Parade,1942-10-24,1942-12-26,10,100,496,498
1943_us_singles,Billboard Best Sellers In Stores,1943-01-02,1943-12-25,52,520,55,67
1943_us_singles,Best Sellers In Stores - East Coast,1943-01-02,1943-12-25,52,520,136,148
1943_us_singles,Best Sellers In Stores - Mid West,1943-01-02,1943-12-25,52,520,222,234
1943_us_singles,Best Sellers In Stores - South,1943-01-02,1943-12-25,52,520,309,321
1943_us_singles,Best Sellers In Stores - West Coast,1943-01-02,1943-12-25,52,520,401,413
1943_us_singles,Harlem Hit Parade,1943-01-02,1943-12-25,52,520,487,499
1944_us_singles,Billboard Best Sellers In Stores,1944-01-01,1944-12-30,53,542,58,71
1944_us_singles,Best Sellers In Stores - East Coast,1944-01-01,1944-12-30,53,460,146,157
1944_us_singles,Best Sellers In Stores - Mid West,1944-01-01,1944-12-30,53,457,232,243
1944_us_singles,Best Sellers In Stores - South,1944-01-01,1944-12-30,53,446,325,336
1944_us_singles,Best Sellers In Stores - West Coast,1944-01-01,1944-12-30,53,412,414,424
1944_us_singles,Harlem Hit Parade,1944-01-01,1944-12-30,53,530,494,507
1944_us_singles,Juke Box Folk,1944-01-08,1944-12-30,52,393,567,576
1944_us_singles,Juke Box Chart,1944-01-08,1944-12-30,52,1175,638,668
1945_us_singles,Billboard Best Sellers In Stores,1945-01-06,1945-12-29,52,616,58,73
1945_us_singles,Best Sellers In Stores - East Coast,1945-01-06,1945-03-17,11,101,141,143
1945_us_singles,Best Sellers In Stores - Mid West,1945-01-06,1945-03-17,11,102,204,206
1945_us_singles,Best Sellers In Stores - South,1945-01-06,1945-03-17,11,100,264,266
1945_us_singles,Best Sellers In Stores - West Coast,1945-01-06,1945-03-17,11,102,327,329
1945_us_singles,Harlem Hit Parade,1945-01-06,1945-02-10,6,63,382,383
1945_us_singles,Juke Box Folk,1945-01-06,1945-12-29,52,416,438,448
1945_us_singles,Juke Box Chart,1945-01-06,1945-12-29,52,1052,530,555
1945_us_singles,Juke Box Race,1945-02-17,1945-12-29,46,288,638,645
1945_us_singles,Disk Jockey Chart,1945-01-27,1945-12-29,49,975,721,745
1946_us_singles,Billboard Best Sellers In Stores,1946-01-05,1946-12-28,52,559,62,75
1946_us_singles,Juke Box Folk,1946-01-05,1946-12-28,52,427,141,151
1946_us_singles,Juke Box Chart,1946-01-05,1946-12-28,52,1181,240,269
1946_us_singles,Juke Box Race,1946-01-05,1946-12-28,52,387,359,368
1946_us_singles,Disk Jockey Chart,1946-01-05,1946-12-28,52,1134,465,493
1947_us_singles,Billboard Best Sellers In Stores,1947-01-04,1947-12-27,52,592,61,75
1947_us_singles,Juke Box Folk,1947-01-04,1947-12-27,52,322,153,161
1947_us_singles,Juke Box Chart,1947-01-04,1947-12-27,52,957,237,262
1947_us_singles,Juke Box Race,1947-01-04,1947-12-27,52,347,345,353
1947_us_singles,Disk Jockey Chart,1947-01-04,1947-12-27,52,1057,445,471
1948_us_singles,Billboard Best Sellers In Stores,1948-01-03,1948-12-25,52,1236,73,110
1948_us_singles,Juke Box Race,1948-01-03,1948-12-25,52,692,208,225
1948_us_singles,Juke Box Folk,1948-01-03,1948-12-25,52,672,302,318
1948_us_singles,Juke Box Chart,1948-01-03,1948-12-25,52,1282,411,449
1948_us_singles,Best Selling Retail Folk Records,1948-05-15,1948-12-25,33,480,528,538
1948_us_singles,Best Selling Retail Race Records,1948-05-22,1948-12-25,32,478,590,601
1948_us_singles,Disk Jockey Chart,1948-01-03,1948-12-25,52,1106,682,713
1949_us_singles,Billboard Best Sellers In Stores,1949-01-01,1949-12-31,53,1616,86,138
1949_us_singles,Juke Box Race,1949-01-01,1949-12-31,53,843,249,270
1949_us_singles,Juke Box Folk,1949-01-01,1949-12-31,53,814,357,377
1949_us_singles,Juke Box Chart,1949-01-01,1949-12-31,53,1622,493,545
1949_us_singles,Most Played C&W By Jockeys,1949-12-10,1949-12-31,4,40,620,620
1949_us_singles,Best Selling Retail Folk Records,1949-01-01,1949-12-31,53,827,673,692
1949_us_singles,Best Selling Retail Race Records,1949-01-01,1949-12-31,53,821,769,787
1949_us_singles,Disk Jockey Chart,1949-01-01,1949-12-31,53,1605,899,951
1950_us_singles,Billboard Best Sellers In Stores,1950-01-07,1950-12-30,52,1600,89,140
1950_us_singles,Juke Box Race,1950-01-07,1950-12-30,52,613,239,253
1950_us_singles,Juke Box Folk,1950-01-07,1950-12-30,52,534,321,333
1950_us_singles,Juke Box Chart,1950-01-07,1950-12-30,52,1603,439,490
1950_us_singles,Most Played C&W By Jockeys,1950-01-07,1950-12-30,52,533,578,590
1950_us_singles,Best Selling Retail Folk Records,1950-01-07,1950-12-30,52,537,642,655
1950_us_singles,Best Selling Retail Race Records,1950-01-07,1950-12-30,52,589,719,732
1950_us_singles,Disk Jockey Chart,1950-01-07,1950-12-30,52,1575,840,891
1951_us_singles,Billboard Best Sellers In Stores,1951-01-06,1951-12-29,52,1584,86,137
1951_us_singles,Juke Box Race,1951-01-06,1951-12-29,52,541,233,245
1951_us_singles,Juke Box Folk,1951-01-06,1951-12-29,52,530,306,318
1951_us_singles,Juke Box Chart,1951-01-06,1951-12-29,52,1627,413,464
1951_us_singles,Most Played C&W By Jockeys,1951-01-06,1951-12-29,52,525,549,561
1951_us_singles,Best Selling Retail Folk Records,1951-01-06,1951-12-29,52,523,617,629
1951_us_singles,Best Selling Retail Race Records,1951-01-06,1951-12-29,52,533,692,704
1951_us_singles,Disk Jockey Chart,1951-01-06,1951-12-29,52,1604,813,864
1951_us_singles,Juke Box Folk - Coming Up,1951-03-03,1951-12-29,42,122,961,964
1951_us_singles,Most Played C&W By Jockeys - Coming Up,1951-03-03,1951-12-29,40,118,1014,1017
1951_us_singles,Best Selling Retail Folk Records - Coming Up,1951-03-03,1951-12-29,41,115,1070,1073
1952_us_singles,Billboard Best Sellers In Stores,1952-01-05,1952-12-27,52,1506,76,124
1952_us_singles,Juke Box Race,1952-01-05,1952-12-27,52,538,216,228
1952_us_singles,Juke Box Folk,1952-01-05,1952-12-27,52,539,290,302
1952_us_singles,Juke Box Chart,1952-01-05,1952-12-27,52,1529,393,441
1952_us_singles,Most Played C&W By Jockeys,1952-01-05,1952-12-27,52,528,517,529
1952_us_singles,Best Selling Retail Folk Records,1952-01-05,1952-12-27,52,524,582,594
1952_us_singles,Best Selling Retail Race Records,1952-01-05,1952-12-27,52,530,657,669
1952_us_singles,Disk Jockey Chart,1952-01-05,1952-12-27,52,1506,768,816
1952_us_singles,Juke Box Rhythm And Blues - Coming Up,1952-04-05,1952-04-19,3,7,881,881
1952_us_singles,Juke Box Folk - Coming Up,1952-01-05,1952-06-07,20,60,915,916
1952_us_singles,Most Played C&W By Jockeys - Coming Up,1952-01-05,1952-06-07,21,63,961,962
1952_us_singles,Best Selling Retail Folk Records - Coming Up,1952-01-05,1952-05-17,20,59,1004,1005
1952_us_singles,Best Selling Retail Rhythm And Blues - Coming Up,1952-04-05,1952-05-03,3,6,1036,1036
1953_us_singles,Billboard Best Sellers In Stores,1953-01-03,1953-02-07,6,120,66,68
1953_us_singles,Juke Box Race,1953-01-03,1953-12-26,52,531,174,186
1953_us_singles,Juke Box Folk,1953-01-03,1953-12-26,52,536,251,263
1953_us_singles,Juke Box Chart,1953-01-03,1953-12-26,52,1058,347,372
1953_us_singles,Most Played C&W By Jockeys,1953-01-03,1953-12-26,52,529,448,460
1953_us_singles,Best Selling Retail Folk Records,1953-01-03,1953-12-26,52,527,518,530
1953_us_singles,Best Selling Retail Race Records,1953-01-03,1953-12-26,52,521,594,606
1953_us_singles,Disk Jockey Chart,1953-01-03,1953-12-26,52,1058,693,718
1954_us_singles,Billboard Best Sellers In Stores,1954-01-02,1954-12-25,52,1356,70,110
1954_us_singles,Juke Box Race,1954-01-02,1954-12-25,52,527,198,210
1954_us_singles,Juke Box Folk,1954-01-02,1954-12-25,52,525,268,280
1954_us_singles,Juke Box Chart,1954-01-02,1954-12-25,52,1070,360,385
1954_us_singles,Most Played C&W By Jockeys,1954-01-02,1954-12-25,52,669,464,479
1954_us_singles,Best Selling Retail Folk Records,1954-01-02,1954-12-25,52,659,539,554
1954_us_singles,Best Selling Retail Race Records,1954-01-02,1954-12-25,52,525,620,632
1954_us_singles,Disk Jockey Chart,1954-01-02,1954-12-25,52,1047,712,737
1955_us_singles,Billboard Best Sellers In Stores,1955-01-01,1955-12-31,53,1458,78,119
1955_us_singles,Juke Box Race,1955-01-01,1955-12-31,53,539,215,228
1955_us_singles,Juke Box Folk,1955-01-01,1955-12-31,53,547,285,298
1955_us_singles,Juke Box Chart,1955-01-01,1955-12-31,53,1092,379,405
1955_us_singles,Most Played C&W By Jockeys,1955-01-01,1955-12-31,53,808,483,500
1955_us_singles,Most Played R&B By Jockeys,1955-01-22,1955-12-31,50,771,567,583
1955_us_singles,Top 100,1955-11-12,1955-12-31,8,802,665,680
1955_us_singles,Best Selling Retail Folk Records,1955-01-01,1955-12-31,53,804,766,784
1955_us_singles,Best Selling Retail Race Records,1955-01-01,1955-12-31,53,773,855,872
1955_us_singles,Disk Jockey Chart,1955-01-01,1955-12-31,53,1063,960,986
1956_us_singles,Billboard Best Sellers In Stores,1956-01-07,1956-12-29,52,1284,74,102
1956_us_singles,Juke Box Race,1956-01-07,1956-12-29,52,524,197,209
1956_us_singles,Juke Box Folk,1956-01-07,1956-12-29,52,531,272,284
1956_us_singles,Juke Box Chart,1956-01-07,1956-12-29,52,1044,365,390
1956_us_singles,Most Played C&W By Jockeys,1956-01-07,1956-12-29,52,783,468,485
1956_us_singles,Most Played R&B By Jockeys,1956-01-07,1956-12-29,52,792,554,571
1956_us_singles,Top 100,1956-01-07,1956-12-29,52,5224,721,825
1956_us_singles,Best Selling Retail Folk Records,1956-01-07,1956-12-29,52,785,987,1004
1956_us_singles,Best Selling Retail Race Records,1956-01-07,1956-12-29,52,784,1074,1091
1956_us_singles,Disk Jockey Chart,1956-01-07,1956-12-29,52,1250,1182,1211
1957_us_singles,Billboard Best Sellers In Stores,1957-01-05,1957-12-30,53,1637,86,131
1957_us_singles,Juke Box Race,1957-01-05,1957-06-17,25,257,234,240
1957_us_singles,Juke Box Folk,1957-01-05,1957-06-17,25,256,293,299
1957_us_singles,Juke Box Chart,1957-01-05,1957-06-17,25,511,368,380
1957_us_singles,Most Played C&W By Jockeys,1957-01-05,1957-12-30,53,813,455,472
1957_us_singles,Most Played R&B By Jockeys,1957-01-05,1957-12-30,53,814,550,567
1957_us_singles,Top 100,1957-01-05,1957-12-30,53,5327,709,816
1957_us_singles,Best Selling Retail Folk Records,1957-01-05,1957-12-30,53,806,975,992
1957_us_singles,Best Selling Retail Race Records,1957-01-05,1957-12-30,53,797,1064,1081
1957_us_singles,Disk Jockey Chart,1957-01-05,1957-12-30,53,1331,1175,1205
1958_us_singles,Billboard Best Sellers In Stores,1958-01-06,1958-10-13,41,2059,91,132
1958_us_singles,Most Played C&W By Jockeys,1958-01-06,1958-10-13,41,628,240,253
1958_us_singles,Most Played R&B By Jockeys,1958-01-06,1958-10-13,41,627,328,341
1958_us_singles,Top 100,1958-01-06,1958-07-28,30,3006,450,509
1958_us_singles,Best Selling Retail Folk Records,1958-01-06,1958-10-13,41,805,637,656
1958_us_singles,Best Selling Retail Race Records,1958-01-06,1958-10-13,41,805,737,756
1958_us_singles,Disk Jockey Chart,1958-01-06,1958-07-28,30,758,841,861
1958_us_singles,Billboard Hot 100,1958-08-04,1958-12-29,22,2200,973,1016
1958_us_singles,Country Singles Chart,1958-10-20,1958-12-29,11,330,1117,1127
1958_us_singles,Rhythm And Blues Singles Chart,1958-10-20,1958-12-29,11,330,1180,1190
1959_us_singles,Billboard Hot 100,1959-01-05,1959-12-28,52,5200,116,219
1959_us_singles,Country Singles Chart,1959-01-05,1959-12-28,52,1560,385,436
1959_us_singles,Rhythm And Blues Singles Chart,1959-01-05,1959-12-28,52,1561,528,579
1959_us_singles,Bubbling Under The Hot 100,1959-06-01,1959-12-28,31,465,677,687
1960_us_singles,Billboard Hot 100,1960-01-04,1960-12-31,53,5301,118,223
1960_us_singles,Country Singles Chart,1960-01-04,1960-12-31,53,1590,407,459
1960_us_singles,Rhythm And Blues Singles Chart,1960-01-04,1960-12-31,53,1590,560,612
1960_us_singles,Bubbling Under The Hot 100,1960-01-04,1960-12-31,53,795,753,770
1961_us_singles,Billboard Hot 100,1961-01-09,1961-12-25,51,5100,132,233
1961_us_singles,Country Singles Chart,1961-01-09,1961-12-25,51,1530,428,478
1961_us_singles,Rhythm And Blues Singles Chart,1961-01-09,1961-12-25,51,1530,577,627
1961_us_singles,Adult Contemporary,1961-07-17,1961-12-25,24,480,716,727
1961_us_singles,Teen Beat,1961-07-17,1961-11-13,18,360,783,791
1961_us_singles,Bubbling Under The Hot 100,1961-01-09,1961-12-25,51,1003,917,941
1962_us_singles,Billboard Hot 100,1962-01-06,1962-12-29,52,5200,129,232
1962_us_singles,Country Singles Chart,1962-01-06,1962-12-29,52,1560,428,479
1962_us_singles,Rhythm And Blues Singles Chart,1962-01-06,1962-12-29,52,1560,584,635
1962_us_singles,Adult Contemporary,1962-01-06,1962-12-29,52,1040,730,755
1962_us_singles,Bubbling Under The Hot 100,1962-01-06,1962-12-29,52,1160,897,928
1963_us_singles,Billboard Hot 100,1963-01-05,1963-12-28,52,5200,126,229
1963_us_singles,Country Singles Chart,1963-01-05,1963-12-28,52,1560,429,480
1963_us_singles,Rhythm And Blues Singles Chart,1963-01-05,1963-11-23,47,1410,587,633
1963_us_singles,Adult Contemporary,1963-01-05,1963-12-28,52,1040,730,755
1963_us_singles,Christmas Singles,1963-11-30,1963-12-28,5,64,817,818
1963_us_singles,Bubbling Under The Hot 100,1963-01-05,1963-12-28,52,1603,949,999
1964_us_singles,Billboard Hot 100,1964-01-04,1964-12-26,52,5200,127,230
1964_us_singles,Country Singles Chart,1964-01-04,1964-12-26,52,2580,435,486
1964_us_singles,Adult Contemporary,1964-01-04,1964-12-26,52,1005,592,616
1964_us_singles,Christmas Singles,1964-12-05,1964-12-26,4,73,686,687
1964_us_singles,Bubbling Under The Hot 100,1964-01-04,1964-12-26,52,1769,828,879
1965_us_singles,Billboard Hot 100,1965-01-02,1965-12-25,52,5200,127,230
1965_us_singles,Country Singles Chart,1965-01-02,1965-12-25,52,2600,438,489
1965_us_singles,Rhythm And Blues Singles Chart,1965-01-30,1965-12-25,48,1920,612,659
1965_us_singles,Adult Contemporary,1965-01-02,1965-12-25,52,1671,770,810
1965_us_singles,Christmas Singles,1965-12-11,1965-12-25,3,57,894,895
1965_us_singles,Bubbling Under The Hot 100,1965-01-02,1965-12-25,52,1818,1035,1086
1966_us_singles,Billboard Hot 100,1966-01-01,1966-12-31,53,5300,131,236
1966_us_singles,Country Singles Chart,1966-01-01,1966-12-31,53,2950,454,518
1966_us_singles,Rhythm And Blues Singles Chart,1966-01-01,1966-12-31,53,2340,670,722
1966_us_singles,Adult Contemporary,1966-01-01,1966-12-31,53,2120,852,904
1966_us_singles,Christmas Singles,1966-12-03,1966-12-24,4,80,992,994
1966_us_singles,Bubbling Under The Hot 100,1966-01-01,1966-12-31,53,1825,1140,1192
1967_us_singles,Billboard Hot 100,1967-01-07,1967-12-30,52,5200,127,230
1967_us_singles,Country Singles Chart,1967-01-07,1967-12-30,52,3900,461,564
1967_us_singles,Rhythm And Blues Singles Chart,1967-01-07,1967-12-30,52,2600,723,774
1967_us_singles,Adult Contemporary,1967-01-07,1967-12-30,52,2080,915,966
1967_us_singles,Christmas Singles,1967-12-02,1967-12-30,5,117,1057,1059
1967_us_singles,Bubbling Under The Hot 100,1967-01-07,1967-12-30,52,1710,1198,1246
1968_us_singles,Billboard Hot 100,1968-01-06,1968-12-28,52,5200,121,224
1968_us_singles,Country Singles Chart,1968-01-06,1968-12-28,52,3900,451,554
1968_us_singles,Rhythm And Blues Singles Chart,1968-01-06,1968-12-28,52,2600,726,777
1968_us_singles,Adult Contemporary,1968-01-06,1968-12-28,52,2080,923,974
1968_us_singles,Christmas Singles,1968-12-07,1968-12-28,4,71,1064,1065
1968_us_singles,Bubbling Under The Hot 100,1968-01-06,1968-12-28,52,1498,1205,1251
1969_us_singles,Billboard Hot 100,1969-01-04,1969-12-27,52,5200,129,232
1969_us_singles,Country Singles Chart,1969-01-04,1969-12-27,52,3900,462,565
1969_us_singles,Rhythm And Blues Singles Chart,1969-01-04,1969-12-27,52,2600,737,788
1969_us_singles,Adult Contemporary,1969-01-04,1969-12-27,52,2080,940,991
1969_us_singles,Christmas Singles,1969-12-06,1969-12-27,4,41,1075,1075
1969_us_singles,Bubbling Under The Hot 100,1969-01-04,1969-12-27,52,1564,1214,1261
1970_us_singles,Billboard Hot 100,1970-01-03,1970-12-26,52,5200,125,228
1970_us_singles,Country Singles Chart,1970-01-03,1970-12-26,52,3900,446,549
1970_us_singles,Rhythm And Blues Singles Chart,1970-01-03,1970-12-26,52,2600,718,769
1970_us_singles,Adult Contemporary,1970-01-03,1970-12-26,52,2080,920,971
1970_us_singles,Christmas Singles,1970-12-19,1970-12-26,2,27,1058,1058
1970_us_singles,Bubbling Under The Hot 100,1970-01-03,1970-12-26,52,1191,1185,1221
1971_us_singles,Billboard Hot 100,1971-01-02,1971-12-25,52,5200,119,222
1971_us_singles,Country Singles Chart,1971-01-02,1971-12-25,52,3900,437,540
1971_us_singles,Rhythm And Blues Singles Chart,1971-01-02,1971-12-25,52,2600,703,754
1971_us_singles,Adult Contemporary,1971-01-02,1971-12-25,52,2080,903,954
1971_us_singles,Christmas Singles,1971-12-18,1971-12-25,2,7,1044,1044
1971_us_singles,Bubbling Under The Hot 100,1971-01-02,1971-12-25,52,1047,1159,1189
1972_us_singles,Billboard Hot 100,1972-01-01,1972-12-30,53,5300,119,229
1972_us_singles,Country Singles Chart,1972-01-01,1972-12-30,53,3975,445,550
1972_us_singles,Rhythm And Blues Singles Chart,1972-01-01,1972-12-30,53,2650,715,767
1972_us_singles,Adult Contemporary,1972-01-01,1972-12-30,53,2120,913,965
1972_us_singles,Christmas Singles,1972-12-09,1972-12-23,3,33,1048,1048
1972_us_singles,Bubbling Under The Hot 100,1972-01-01,1972-12-30,53,927,1163,1187
1973_us_singles,Billboard Hot 100,1973-01-06,1973-12-29,52,5200,115,218
1973_us_singles,Country Singles Chart,1973-01-06,1973-12-29,52,4525,440,543
1973_us_singles,Rhythm And Blues Singles Chart,1973-01-06,1973-12-29,52,3870,750,828
1973_us_singles,Adult Contemporary,1973-01-06,1973-12-29,52,2340,1015,1066
1973_us_singles,Christmas Singles,1973-12-08,1973-12-22,3,45,1162,1162
1973_us_singles,Bubbling Under The Hot 100,1973-01-06,1973-12-29,52,1124,1266,1291
1974_us_singles,Billboard Hot 100,1974-01-05,1974-12-28,52,5200,118,221
1974_us_singles,Country Singles Chart,1974-01-05,1974-12-28,52,5200,444,547
1974_us_singles,Rhythm And Blues Singles Chart,1974-01-05,1974-12-28,52,5200,769,872
1974_us_singles,Adult Contemporary,1974-01-05,1974-12-28,52,2599,1074,1125
1974_us_singles,Disco Singles,1974-10-26,1974-12-28,10,136,1221,1223
1974_us_singles,Bubbling Under The Hot 100,1974-01-05,1974-12-28,49,530,1308,1320
1975_us_singles,Billboard Hot 100,1975-01-04,1975-12-27,52,5200,124,227
1975_us_singles,Country Singles Chart,1975-01-04,1975-12-27,52,5200,460,563
1975_us_singles,Rhythm And Blues Singles Chart,1975-01-04,1975-12-27,52,5200,794,897
1975_us_singles,Adult Contemporary,1975-01-04,1975-12-27,52,2600,1101,1152
1975_us_singles,Disco Singles,1975-01-04,1975-03-29,13,192,1253,1257
1975_us_singles,Bubbling Under The Hot 100,1975-01-04,1975-12-27,52,520,1337,1349
1976_us_singles,Billboard Hot 100,1976-01-03,1976-12-25,52,5200,117,220
1976_us_singles,Country Singles Chart,1976-01-03,1976-12-25,52,5200,449,552
1976_us_singles,Rhythm And Blues Singles Chart,1976-01-03,1976-12-25,52,5200,790,893
1976_us_singles,Adult Contemporary,1976-01-03,1976-12-25,52,2600,1096,1147
1976_us_singles,Disco Singles,1976-08-28,1976-12-25,18,700,1262,1279
1976_us_singles,Bubbling Under The Hot 100,1976-01-03,1976-12-25,52,520,1378,1390
1977_us_singles,Billboard Hot 100,1977-01-01,1977-12-31,53,5300,118,223
1977_us_singles,Country Singles Chart,1977-01-01,1977-12-31,53,5300,451,557
1977_us_singles,Rhythm And Blues Singles Chart,1977-01-01,1977-12-31,53,5300,795,900
1977_us_singles,Adult Contemporary,1977-01-01,1977-12-31,53,2650,1093,1145
1977_us_singles,Disco Singles,1977-01-01,1977-12-31,53,2120,1275,1327
1977_us_singles,Bubbling Under The Hot 100,1977-01-01,1977-12-31,53,530,1444,1457
1978_us_singles,Billboard Hot 100,1978-01-07,1978-12-30,52,5200,107,210
1978_us_singles,Country Singles Chart,1978-01-07,1978-12-30,52,5200,438,541
1978_us_singles,Rhythm And Blues Singles Chart,1978-01-07,1978-12-30,52,5200,783,886
1978_us_singles,Adult Contemporary,1978-01-07,1978-12-30,52,2600,1075,1126
1978_us_singles,Disco Singles,1978-01-07,1978-12-30,52,2080,1248,1299
1978_us_singles,Bubbling Under The Hot 100,1978-01-07,1978-12-30,52,520,1406,1418
1979_us_singles,Billboard Hot 100,1979-01-06,1979-12-29,52,5200,113,216
1979_us_singles,Country Singles Chart,1979-01-06,1979-12-29,52,5200,452,555
1979_us_singles,Rhythm And Blues Singles Chart,1979-01-06,1979-12-29,52,5200,796,899
1979_us_singles,Adult Contemporary,1979-01-06,1979-12-29,52,2600,1093,1144
1979_us_singles,Disco Singles,1979-01-06,1979-12-29,52,3960,1292,1382
1979_us_singles,Bubbling Under The Hot 100,1979-01-06,1979-12-29,52,520,1550,1562
1980_us_singles,Billboard Hot 100,1980-01-05,1980-12-27,52,5200,109,212
1980_us_singles,Country Singles Chart,1980-01-05,1980-12-27,52,5200,441,557
1980_us_singles,Rhythm And Blues Singles Chart,1980-01-05,1980-12-27,52,5200,795,898
1980_us_singles,Adult Contemporary,1980-01-05,1980-12-27,52,2600,1089,1140
1980_us_singles,Disco Singles,1980-01-05,1980-12-27,52,5200,1300,1403
1980_us_singles,Bubbling Under The Hot 100,1980-01-05,1980-12-27,52,520,1583,1595
1980_us_singles,Bubbling Under The Country Chart,1980-09-06,1980-12-27,13,65,1659,1660
1981_us_singles,Billboard Hot 100,1981-01-03,1981-12-26,52,5200,105,208
1981_us_singles,Country Singles Chart,1981-01-03,1981-12-26,52,5200,434,537
1981_us_singles,Rhythm And Blues Singles Chart,1981-01-03,1981-12-26,52,5200,776,879
1981_us_singles,Adult Contemporary,1981-01-03,1981-12-26,52,2600,1064,1115
1981_us_singles,Mainstream Rock Tracks,1981-03-21,1981-12-26,41,2458,1237,1318
1981_us_singles,Disco Singles,1981-01-03,1981-12-26,52,4760,1481,1584
1981_us_singles,Bubbling Under The Hot 100,1981-01-03,1981-12-26,52,520,1761,1773
1981_us_singles,Bubbling Under The Country Chart,1981-01-03,1981-05-30,18,89,1840,1842
1982_us_singles,Billboard Hot 100,1982-01-02,1982-12-25,52,5200,107,210
1982_us_singles,Country Singles Chart,1982-01-02,1982-12-25,52,5200,436,539
1982_us_singles,Rhythm And Blues Singles Chart,1982-01-02,1982-12-25,52,5200,770,873
1982_us_singles,Adult Contemporary,1982-01-02,1982-12-25,52,2600,1058,1109
1982_us_singles,Mainstream Rock Tracks,1982-01-02,1982-12-25,52,3120,1240,1343
1982_us_singles,Disco Singles,1982-01-02,1982-12-25,52,4160,1531,1634
1982_us_singles,Bubbling Under The Hot 100,1982-01-02,1982-12-25,52,520,1810,1822
1983_us_singles,Billboard Hot 100,1983-01-01,1983-12-31,53,5300,104,209
1983_us_singles,Country Singles Chart,1983-01-01,1983-12-31,53,5300,436,541
1983_us_singles,Rhythm And Blues Singles Chart,1983-01-01,1983-12-31,53,5300,772,887
1983_us_singles,Adult Contemporary,1983-01-01,1983-12-31,53,2650,1079,1131
1983_us_singles,Mainstream Rock Tracks,1983-01-01,1983-12-31,53,3179,1258,1363
1983_us_singles,Disco Singles,1983-01-01,1983-12-31,53,4240,1551,1656
1983_us_singles,Christmas Chart,1983-12-17,1983-12-24,2,20,1813,1813
1983_us_singles,Bubbling Under The Hot 100,1983-01-01,1983-12-31,53,530,1897,1910
1984_us_singles,Billboard Hot 100,1984-01-07,1984-12-29,52,5200,107,210
1984_us_singles,Country Singles Chart,1984-01-07,1984-12-29,52,5200,429,532
1984_us_singles,Rhythm And Blues Singles Chart,1984-01-07,1984-12-29,52,5200,754,857
1984_us_singles,Adult Contemporary,1984-01-07,1984-12-29,52,2500,1051,1102
1984_us_singles,Country Single Sales,1984-10-20,1984-12-29,11,330,1200,1210
1984_us_singles,R&B Single Sales,1984-10-20,1984-12-29,11,330,1262,1272
1984_us_singles,Mainstream Rock Tracks,1984-01-07,1984-12-29,52,3002,1359,1451
1984_us_singles,Hot 100 Single Sales,1984-10-20,1984-12-29,11,328,1568,1578
1984_us_singles,Disco Singles,1984-01-07,1984-12-29,52,4160,1693,1796
1984_us_singles,Christmas Chart,1984-12-15,1984-12-22,2,20,1963,1963
1984_us_singles,Hot 100 Airplay,1984-10-20,1984-12-29,11,326,2013,2023
1984_us_singles,Country Airplay,1984-10-20,1984-12-29,11,330,2074,2084
1984_us_singles,R&B Airplay,1984-10-20,1984-12-29,11,330,2135,2145
1984_us_singles,Bubbling Under The Hot 100,1984-01-07,1984-12-29,52,520,2229,2241
1985_us_singles,Billboard Hot 100,1985-01-05,1985-12-28,52,5200,108,211
1985_us_singles,Country Singles Chart,1985-01-05,1985-12-28,52,5200,430,533
1985_us_singles,Rhythm And Blues Singles Chart,1985-01-05,1985-12-28,52,5200,763,870
1985_us_singles,Adult Contemporary,1985-01-05,1985-01-19,3,120,1096,1098
1985_us_singles,Country Single Sales,1985-01-05,1985-12-28,52,1560,1248,1299
1985_us_singles,R&B Single Sales,1985-01-05,1985-12-28,52,1560,1401,1452
1985_us_singles,Mainstream Rock Tracks,1985-01-05,1985-12-28,52,2600,1569,1620
1985_us_singles,Hot 100 Single Sales,1985-01-05,1985-12-28,52,1560,1747,1798
1985_us_singles,Disco Singles,1985-01-05,1985-12-28,52,3253,1953,2056
1985_us_singles,Disco 12 Inch Single Sales,1985-03-16,1985-12-28,42,2403,2281,2364
1985_us_singles,Christmas Chart,1985-12-21,1985-12-28,2,20,2481,2481
1985_us_singles,Hot 100 Airplay,1985-01-05,1985-12-28,52,1560,2547,2598
1985_us_singles,Country Airplay,1985-01-05,1985-12-28,52,1559,2702,2753
1985_us_singles,R&B Airplay,1985-01-05,1985-12-28,52,1560,2854,2905
1985_us_singles,Bubbling Under The Hot 100,1985-01-05,1985-08-24,34,340,3015,3023
1986_us_singles,Billboard Hot 100,1986-01-04,1986-12-27,52,5200,108,211
1986_us_singles,Country Singles Chart,1986-01-04,1986-12-27,52,5200,429,532
1986_us_singles,Rhythm And Blues Singles Chart,1986-01-04,1986-12-27,52,5200,756,859
1986_us_singles,Adult Contemporary,1986-01-04,1986-12-27,52,2080,1053,1104
1986_us_singles,Country Single Sales,1986-01-04,1986-12-27,52,1650,1205,1256
1986_us_singles,R&B Single Sales,1986-01-04,1986-12-27,52,1867,1364,1415
1986_us_singles,Mainstream Rock Tracks,1986-01-04,1986-12-27,52,2600,1533,1584
1986_us_singles,Hot 100 Single Sales,1986-01-04,1986-12-27,52,1870,1718,1769
1986_us_singles,Disco Singles,1986-01-04,1986-12-27,52,3000,1924,2027
1986_us_singles,Disco 12 Inch Single Sales,1986-01-04,1986-12-27,52,2914,2229,2332
1986_us_singles,Hot 100 Airplay,1986-01-04,1986-12-27,52,1870,2495,2546
1986_us_singles,Country Airplay,1986-01-04,1986-12-27,52,1650,2652,2703
1986_us_singles,R&B Airplay,1986-01-04,1986-12-27,52,1870,2814,2865
1987_us_singles,Billboard Hot 100,1987-01-03,1987-12-26,52,5200,108,211
1987_us_singles,Country Singles Chart,1987-01-03,1987-12-26,52,5200,432,535
1987_us_singles,Rhythm And Blues Singles Chart,1987-01-03,1987-12-26,52,5200,762,865
1987_us_singles,Adult Contemporary,1987-01-03,1987-12-26,52,2230,1067,1118
1987_us_singles,Country Single Sales,1987-01-03,1987-12-26,52,1560,1229,1280
1987_us_singles,R&B Single Sales,1987-01-03,1987-12-26,52,2080,1395,1446
1987_us_singles,Mainstream Rock Tracks,1987-01-03,1987-12-26,52,2600,1567,1618
1987_us_singles,Hot 100 Single Sales,1987-01-03,1987-12-26,52,2080,1759,1810
1987_us_singles,Disco Singles,1987-01-03,1987-12-26,52,2963,1965,2068
1987_us_singles,Disco 12 Inch Single Sales,1987-01-03,1987-12-26,52,2892,2265,2368
1987_us_singles,Hot 100 Airplay,1987-01-03,1987-12-26,52,2080,2530,2581
1987_us_singles,Country Airplay,1987-01-03,1987-05-16,20,600,2675,2694
1987_us_singles,R&B Airplay,1987-01-03,1987-12-26,52,2080,2788,2839
1988_us_singles,Billboard Hot 100,1988-01-02,1988-12-31,53,5300,104,209
1988_us_singles,Country Singles Chart,1988-01-02,1988-12-31,53,5300,431,536
1988_us_singles,Rhythm And Blues Singles Chart,1988-01-02,1988-12-31,53,5300,763,868
1988_us_singles,Adult Contemporary,1988-01-02,1988-12-31,53,2650,1071,1123
1988_us_singles,Country Single Sales,1988-01-02,1988-12-31,53,1590,1237,1289
1988_us_singles,R&B Single Sales,1988-01-02,1988-12-31,53,2120,1401,1453
1988_us_singles,Mainstream Rock Tracks,1988-01-02,1988-12-31,53,2650,1574,1626
1988_us_singles,Modern Rock Tracks,1988-09-10,1988-12-31,17,510,1739,1755
1988_us_singles,Hot 100 Single Sales,1988-01-02,1988-12-31,53,2120,1841,1893
1988_us_singles,Disco Singles,1988-01-02,1988-12-31,53,2986,2052,2157
1988_us_singles,Disco 12 Inch Single Sales,1988-01-02,1988-12-31,53,2903,2345,2447
1988_us_singles,Hot 100 Airplay,1988-01-02,1988-12-31,53,2120,2601,2653
1988_us_singles,R&B Airplay,1988-01-02,1988-12-31,53,2120,2782,2834
1989_us_singles,Billboard Hot 100,1989-01-07,1989-12-30,52,5200,108,211
1989_us_singles,Country Singles Chart,1989-01-07,1989-12-30,52,5200,442,545
1989_us_singles,Rhythm And Blues Singles Chart,1989-01-07,1989-12-30,52,5200,775,878
1989_us_singles,Adult Contemporary,1989-01-07,1989-12-30,52,2600,1084,1135
1989_us_singles,Hot Rap Singles,1989-03-11,1989-12-30,43,1290,1245,1287
1989_us_singles,Country Single Sales,1989-01-07,1989-01-14,2,60,1351,1352
1989_us_singles,R&B Single Sales,1989-01-07,1989-12-30,52,2080,1439,1490
1989_us_singles,Mainstream Rock Tracks,1989-01-07,1989-12-30,52,2600,1615,1666
1989_us_singles,Modern Rock Tracks,1989-01-07,1989-12-30,52,1560,1792,1843
1989_us_singles,Hot 100 Single Sales,1989-01-07,1989-12-30,52,2080,1958,2009
1989_us_singles,Disco Singles,1989-01-07,1989-12-30,52,2827,2162,2265
1989_us_singles,Disco 12 Inch Single Sales,1989-01-07,1989-12-30,52,2827,2453,2556
1989_us_singles,Hot 100 Airplay,1989-01-07,1989-12-30,52,2080,2713,2764
1989_us_singles,R&B Airplay,1989-01-07,1989-12-30,52,2080,2886,2937
1990_us_singles,Billboard Hot 100,1990-01-06,1990-12-29,52,5200,102,205
1990_us_singles,Country Singles Chart,1990-01-06,1990-12-29,52,3950,399,502
1990_us_singles,Rhythm And Blues Singles Chart,1990-01-06,1990-12-29,52,5200,706,819
1990_us_singles,Adult Contemporary,1990-01-06,1990-12-29,52,2600,1020,1071
1990_us_singles,Hot Rap Singles,1990-01-06,1990-12-29,52,1560,1181,1232
1990_us_singles,R&B Single Sales,1990-01-06,1990-12-29,52,2080,1344,1395
1990_us_singles,Mainstream Rock Tracks,1990-01-06,1990-12-29,52,2600,1520,1571
1990_us_singles,Modern Rock Tracks,1990-01-06,1990-12-29,52,1560,1701,1752
1990_us_singles,Hot 100 Single Sales,1990-01-06,1990-12-29,52,2080,1870,1921
1990_us_singles,Disco Singles,1990-01-06,1990-12-29,52,2860,2071,2174
1990_us_singles,Disco 12 Inch Single Sales,1990-01-06,1990-12-29,52,2860,2372,2475
1990_us_singles,Hot 100 Airplay,1990-01-06,1990-12-29,52,2080,2635,2686
1990_us_singles,Country Recurrent Airplay,1990-09-01,1990-12-29,18,450,2768,2785
1990_us_singles,Radio Songs,1990-11-10,1990-12-29,8,600,2845,2860
1990_us_singles,Radio Songs Recurrents,1990-11-10,1990-12-29,8,200,2919,2926
1990_us_singles,R&B Airplay,1990-01-06,1990-12-29,52,2080,3010,3061
1991_us_singles,Billboard Hot 100,1991-01-05,1991-12-28,52,5200,107,210
1991_us_singles,Country Singles Chart,1991-01-05,1991-12-28,52,3900,406,509
1991_us_singles,Rhythm And Blues Singles Chart,1991-01-05,1991-12-28,52,5200,697,800
1991_us_singles,Adult Contemporary,1991-01-05,1991-12-28,52,2600,996,1047
1991_us_singles,Hot Rap Singles,1991-01-05,1991-12-28,52,1560,1164,1215
1991_us_singles,R&B Single Sales,1991-01-05,1991-12-28,52,2080,1332,1383
1991_us_singles,Mainstream Rock Tracks,1991-01-05,1991-12-28,52,2600,1506,1557
1991_us_singles,Modern Rock Tracks,1991-01-05,1991-12-28,52,1560,1684,1735
1991_us_singles,Hot 100 Point Of Sales Singles,1991-05-18,1991-12-28,33,2525,1839,1904
1991_us_singles,Hot 100 Single Sales,1991-01-05,1991-06-01,22,880,2015,2036
1991_us_singles,Hot 100 Recurrent Singles,1991-11-30,1991-12-28,5,150,2103,2107
1991_us_singles,Disco Singles,1991-01-05,1991-12-28,52,2860,2216,2319
1991_us_singles,Disco 12 Inch Single Sales,1991-01-05,1991-12-28,52,2860,2512,2615
1991_us_singles,Hot 100 Airplay,1991-01-05,1991-06-01,22,880,2764,2785
1991_us_singles,Country Recurrent Airplay,1991-01-05,1991-12-28,52,1300,2861,2912
1991_us_singles,Radio Songs,1991-01-05,1991-12-28,52,3900,3020,3123
1991_us_singles,Radio Songs Recurrents,1991-01-05,1991-12-28,52,1300,3255,3306
1991_us_singles,R&B Airplay,1991-01-05,1991-12-28,52,2080,3417,3468
1992_us_singles,Billboard Hot 100,1992-01-04,1992-12-26,52,5200,105,208
1992_us_singles,Country Singles Chart,1992-01-04,1992-12-26,52,3900,388,491
1992_us_singles,Rhythm And Blues Singles Chart,1992-01-04,1992-12-26,52,5200,681,784
1992_us_singles,Adult Contemporary,1992-01-04,1992-12-26,52,2600,976,1027
1992_us_singles,Hot Rap Singles,1992-01-04,1992-12-26,52,1560,1147,1198
1992_us_singles,R&B Single Sales,1992-01-04,1992-07-04,27,1080,1300,1326
1992_us_singles,R&B Single Sales - Point Of Sale,1992-07-11,1992-12-26,25,1875,1415,1464
1992_us_singles,Mainstream Rock Tracks,1992-01-04,1992-12-26,52,2330,1579,1630
1992_us_singles,Modern Rock Tracks,1992-01-04,1992-12-26,52,1560,1752,1803
1992_us_singles,Hot 100 Point Of Sales Singles,1992-01-04,1992-12-26,52,3900,1920,2023
1992_us_singles,Hot 100 Recurrent Singles,1992-01-04,1992-12-26,52,1560,2165,2216
1992_us_singles,Mainstream Rock Tracks - Recurrent,1992-06-27,1992-12-26,27,270,2290,2296
1992_us_singles,Disco Singles,1992-01-04,1992-12-26,52,2860,2405,2508
1992_us_singles,Disco 12 Inch Single Sales,1992-01-04,1992-12-26,52,2860,2708,2811
1992_us_singles,Country Recurrent Airplay,1992-01-04,1992-12-26,52,1300,2952,3003
1992_us_singles,Radio Songs,1992-01-04,1992-12-26,52,3900,3118,3221
1992_us_singles,Radio Songs Recurrents,1992-01-04,1992-12-26,52,1300,3354,3405
1992_us_singles,R&B Airplay,1992-01-04,1992-07-04,27,1080,3503,3529
1992_us_singles,R&B Radio Monitor Recurrent,1992-07-11,1992-12-26,25,625,3603,3627
1992_us_singles,Top 40 Radio - Pop,1992-10-03,1992-12-26,13,520,3684,3696
1992_us_singles,Top 40 Radio - Rhythmic,1992-10-03,1992-12-26,13,520,3750,3762
1992_us_singles,Bubbling Under The Hot 100,1992-12-05,1992-12-26,4,100,3821,3824
1992_us_singles,Bubbling Under The R&B Singles Chart,1992-12-05,1992-12-26,4,100,3879,3882
1993_us_singles,Billboard Hot 100,1993-01-02,1993-12-25,52,5200,106,209
1993_us_singles,Country Singles Chart,1993-01-02,1993-12-25,52,3900,389,492
1993_us_singles,Rhythm And Blues Singles Chart,1993-01-02,1993-12-25,52,5200,670,773
1993_us_singles,Adult Contemporary,1993-01-02,1993-12-25,52,2360,946,997
1993_us_singles,Hot Rap Singles,1993-01-02,1993-12-25,52,1640,1123,1175
1993_us_singles,R&B Single Sales - Point Of Sale,1993-01-02,1993-12-25,52,3900,1308,1411
1993_us_singles,Mainstream Rock Tracks,1993-01-02,1993-12-25,52,2080,1560,1611
1993_us_singles,Modern Rock Tracks,1993-01-02,1993-12-25,52,1560,1723,1774
1993_us_singles,Hot 100 Point Of Sales Singles,1993-01-02,1993-12-25,52,3900,1896,1999
1993_us_singles,Hot 100 Recurrent Singles,1993-01-02,1993-12-25,52,1560,2141,2192
1993_us_singles,Adult Contemporary Recurrents,1993-07-17,1993-12-25,24,240,2264,2269
1993_us_singles,Mainstream Rock Tracks - Recurrent,1993-01-02,1993-12-25,52,517,2316,2328
1993_us_singles,Disco Singles,1993-01-02,1993-12-25,52,2860,2442,2545
1993_us_singles,Disco 12 Inch Single Sales,1993-01-02,1993-12-25,52,2860,2749,2852
1993_us_singles,Country Recurrent Airplay,1993-01-02,1993-12-25,52,1300,2998,3049
1993_us_singles,Radio Songs,1993-01-02,1993-12-25,52,3900,3167,3270
1993_us_singles,Radio Songs Recurrents,1993-01-02,1993-12-25,52,1300,3402,3453
1993_us_singles,R&B Airplay,1993-01-02,1993-12-25,52,3900,3568,3671
1993_us_singles,R&B Radio Monitor Recurrent,1993-01-02,1993-12-25,52,1300,3807,3858
1993_us_singles,Top 40 Radio - Pop,1993-01-02,1993-12-25,52,2080,3946,3997
1993_us_singles,Top 40 Radio - Rhythmic,1993-01-02,1993-12-25,52,2080,4090,4141
1993_us_singles,Adult R&B Airplay,1993-09-18,1993-12-25,15,600,4221,4235
1993_us_singles,Mainstream R&B Hip-Hop Airplay,1993-09-18,1993-12-25,15,600,4294,4308
1993_us_singles,Bubbling Under The Hot 100,1993-01-02,1993-12-25,52,1300,4421,4472
1993_us_singles,Bubbling Under The R&B Singles Chart,1993-01-02,1993-12-25,52,1300,4615,4666
1994_us_singles,Billboard Hot 100,1994-01-01,1994-12-31,53,5300,104,209
1994_us_singles,Country Singles Chart,1994-01-01,1994-12-31,53,3975,388,493
1994_us_singles,Rhythm And Blues Singles Chart,1994-01-01,1994-12-31,53,5300,673,778
1994_us_singles,Adult Contemporary,1994-01-01,1994-12-31,53,2120,943,995
1994_us_singles,Hot Rap Singles,1994-01-01,1994-12-31,53,2650,1106,1158
1994_us_singles,R&B Single Sales - Point Of Sale,1994-01-01,1994-12-31,53,3975,1295,1400
1994_us_singles,Mainstream Rock Tracks,1994-01-01,1994-12-31,53,2120,1555,1607
1994_us_singles,Modern Rock Tracks,1994-01-01,1994-12-31,53,1760,1713,1765
1994_us_singles,Hot 100 Point Of Sales Singles,1994-01-01,1994-12-31,53,3974,1881,1986
1994_us_singles,Hot 100 Recurrent Singles,1994-01-01,1994-12-31,53,1590,2125,2177
1994_us_singles,Adult Contemporary Recurrents,1994-01-01,1994-12-31,53,530,2261,2274
1994_us_singles,Mainstream Rock Tracks - Recurrent,1994-01-01,1994-09-03,36,359,2317,2325
1994_us_singles,Disco Singles,1994-01-01,1994-12-31,53,2915,2433,2538
1994_us_singles,Disco 12 Inch Single Sales,1994-01-01,1994-12-31,53,2915,2751,2856
1994_us_singles,Country Recurrent Airplay,1994-01-01,1994-12-31,53,1325,3017,3069
1994_us_singles,Radio Songs,1994-01-01,1994-12-31,53,3975,3180,3285
1994_us_singles,Radio Songs Recurrents,1994-01-01,1994-12-31,53,1325,3413,3465
1994_us_singles,R&B Airplay,1994-01-01,1994-12-31,53,3975,3577,3682
1994_us_singles,R&B Radio Monitor Recurrent,1994-01-01,1994-12-31,53,1325,3821,3873
1994_us_singles,Top 40 Radio - Pop,1994-01-01,1994-12-31,53,2120,3965,4017
1994_us_singles,Top 40 Radio - Rhythmic,1994-01-01,1994-12-31,53,2120,4111,4163
1994_us_singles,Adult R&B Airplay,1994-01-01,1994-12-31,53,2120,4255,4307
1994_us_singles,Mainstream R&B Hip-Hop Airplay,1994-01-01,1994-12-31,53,2120,4402,4454
1994_us_singles,Bubbling Under The Hot 100,1994-01-01,1994-12-31,53,1325,4589,4641
1994_us_singles,Bubbling Under The R&B Singles Chart,1994-01-01,1994-12-31,53,1326,4780,4832
1995_us_singles,Billboard Hot 100,1995-01-07,1995-12-30,52,5200,110,225
1995_us_singles,Country Singles Chart,1995-01-07,1995-12-30,52,3900,405,508
1995_us_singles,Rhythm And Blues Singles Chart,1995-01-07,1995-12-30,52,5200,693,817
1995_us_singles,Adult Contemporary,1995-01-07,1995-12-30,52,2080,983,1034
1995_us_singles,Hot Rap Singles,1995-01-07,1995-12-30,52,2600,1149,1222
1995_us_singles,R&B Single Sales - Point Of Sale,1995-01-07,1995-12-30,52,3900,1370,1473
1995_us_singles,Country Single Sales,1995-07-01,1995-12-30,27,675,1596,1622
1995_us_singles,Adult Pop Songs,1995-10-07,1995-12-30,13,520,1677,1689
1995_us_singles,Adult Pop Songs - Recurrent,1995-10-14,1995-12-30,11,110,1733,1735
1995_us_singles,Mainstream Rock Tracks,1995-01-07,1995-12-30,52,2080,1800,1851
1995_us_singles,Modern Rock Tracks,1995-01-07,1995-12-30,52,2080,1953,2004
1995_us_singles,Hot 100 Point Of Sales Singles,1995-01-07,1995-12-30,52,3900,2127,2230
1995_us_singles,Hot 100 Recurrent Singles,1995-01-07,1995-12-30,52,1560,2371,2422
1995_us_singles,Adult Contemporary Recurrents,1995-01-07,1995-12-30,52,520,2502,2514
1995_us_singles,Disco Singles,1995-01-07,1995-12-30,52,2859,2627,2730
1995_us_singles,Disco 12 Inch Single Sales,1995-01-07,1995-12-30,52,2860,2947,3050
1995_us_singles,Country Recurrent Airplay,1995-01-07,1995-12-30,52,1300,3215,3266
1995_us_singles,Radio Songs,1995-01-07,1995-12-30,52,3900,3374,3477
1995_us_singles,Radio Songs Recurrents,1995-01-07,1995-12-30,52,1300,3601,3652
1995_us_singles,R&B Airplay,1995-01-07,1995-12-30,52,3900,3769,3872
1995_us_singles,R&B Radio Monitor Recurrent,1995-01-07,1995-12-30,52,1300,4004,4055
1995_us_singles,Top 40 Radio - Pop,1995-01-07,1995-12-30,52,2080,4145,4196
1995_us_singles,Top 40 Radio - Rhythmic,1995-01-07,1995-12-30,52,2080,4290,4341
1995_us_singles,Adult R&B Airplay,1995-01-07,1995-12-30,52,2080,4438,4489
1995_us_singles,Mainstream R&B Hip-Hop Airplay,1995-01-07,1995-12-30,52,2056,4585,4636
1995_us_singles,Bubbling Under The Hot 100,1995-01-07,1995-12-30,52,1300,4767,4818
1995_us_singles,Bubbling Under The R&B Singles Chart,1995-01-07,1995-12-30,52,1300,4955,5006
1996_us_singles,Billboard Hot 100,1996-01-06,1996-12-28,52,5200,108,219
1996_us_singles,Country Singles Chart,1996-01-06,1996-12-28,52,3900,390,493
1996_us_singles,Rhythm And Blues Singles Chart,1996-01-06,1996-12-28,52,5200,678,793
1996_us_singles,Adult Contemporary,1996-01-06,1996-12-28,52,1660,953,1004
1996_us_singles,Hot Rap Singles,1996-01-06,1996-12-28,52,2600,1118,1189
1996_us_singles,R&B Single Sales - Point Of Sale,1996-01-06,1996-12-28,52,3900,1336,1439
1996_us_singles,Country Single Sales,1996-01-06,1996-12-28,52,1300,1567,1618
1996_us_singles,Adult Pop Songs,1996-01-06,1996-12-28,52,2080,1694,1745
1996_us_singles,Adult Pop Songs - Recurrent,1996-01-06,1996-12-28,52,520,1819,1831
1996_us_singles,Mainstream Rock Tracks,1996-01-06,1996-12-28,52,2080,1904,1955
1996_us_singles,Modern Rock Tracks,1996-01-06,1996-12-28,52,2080,2057,2108
1996_us_singles,Hot 100 Point Of Sales Singles,1996-01-06,1996-12-28,52,3900,2225,2328
1996_us_singles,Hot 100 Recurrent Singles,1996-01-06,1996-12-28,52,1560,2465,2516
1996_us_singles,Adult Contemporary Recurrents,1996-01-06,1996-12-28,52,520,2597,2609
1996_us_singles,Disco Singles,1996-01-06,1996-12-28,52,2860,2729,2832
1996_us_singles,Disco 12 Inch Single Sales,1996-01-06,1996-12-28,52,2860,3060,3163
1996_us_singles,Country Recurrent Airplay,1996-01-06,1996-12-28,52,1300,3329,3380
1996_us_singles,Radio Songs,1996-01-06,1996-12-28,52,3900,3487,3590
1996_us_singles,Radio Songs Recurrents,1996-01-06,1996-12-28,52,1300,3709,3760
1996_us_singles,R&B Airplay,1996-01-06,1996-12-28,52,3900,3871,3974
1996_us_singles,R&B Radio Monitor Recurrent,1996-01-06,1996-12-28,52,1300,4107,4158
1996_us_singles,Top 40 Radio - Pop,1996-01-06,1996-12-28,52,2080,4247,4298
1996_us_singles,Top 40 Radio - Rhythmic,1996-01-06,1996-12-28,52,2080,4392,4443
1996_us_singles,Adult R&B Airplay,1996-01-06,1996-12-28,52,2080,4534,4585
1996_us_singles,Mainstream R&B Hip-Hop Airplay,1996-01-06,1996-12-28,52,2067,4683,4734
1996_us_singles,Bubbling Under The Hot 100,1996-01-06,1996-12-28,52,1300,4867,4918
1996_us_singles,Bubbling Under The R&B Singles Chart,1996-01-06,1996-12-28,52,1300,5045,5096
1997_us_singles,Billboard Hot 100,1997-01-04,1997-12-27,52,5200,115,218
1997_us_singles,Country Singles Chart,1997-01-04,1997-12-27,52,3900,399,502
1997_us_singles,Rhythm And Blues Singles Chart,1997-01-04,1997-12-27,52,5200,692,818
1997_us_singles,Adult Contemporary,1997-01-04,1997-12-27,52,1560,975,1026
1997_us_singles,Hot Rap Singles,1997-01-04,1997-12-27,52,2600,1149,1204
1997_us_singles,R&B Single Sales - Point Of Sale,1997-01-04,1997-12-27,52,3900,1361,1464
1997_us_singles,Country Single Sales,1997-01-04,1997-12-27,52,1300,1598,1649
1997_us_singles,Adult Pop Songs,1997-01-04,1997-12-27,52,2080,1730,1781
1997_us_singles,Adult Pop Songs - Recurrent,1997-01-04,1997-12-27,52,520,1853,1865
1997_us_singles,Mainstream Rock Tracks,1997-01-04,1997-12-27,52,2080,1942,1993
1997_us_singles,Modern Rock Tracks,1997-01-04,1997-12-27,52,2080,2097,2148
1997_us_singles,Hot 100 Point Of Sales Singles,1997-01-04,1997-12-27,52,3900,2275,2378
1997_us_singles,Hot 100 Recurrent Singles,1997-01-04,1997-12-27,52,1560,2522,2573
1997_us_singles,Adult Contemporary Recurrents,1997-01-04,1997-12-27,52,520,2653,2665
1997_us_singles,Disco Singles,1997-01-04,1997-12-27,52,2860,2783,2886
1997_us_singles,Disco 12 Inch Single Sales,1997-01-04,1997-12-27,52,2860,3110,3213
1997_us_singles,Country Recurrent Airplay,1997-01-04,1997-12-27,52,1300,3377,3428
1997_us_singles,Radio Songs,1997-01-04,1997-12-27,52,3900,3536,3639
1997_us_singles,Radio Songs Recurrents,1997-01-04,1997-12-27,52,1300,3757,3808
1997_us_singles,R&B Airplay,1997-01-04,1997-12-27,52,3900,3929,4032
1997_us_singles,R&B Radio Monitor Recurrent,1997-01-04,1997-12-27,52,1299,4160,4211
1997_us_singles,Top 40 Radio - Pop,1997-01-04,1997-12-27,52,2080,4302,4353
1997_us_singles,Top 40 Radio - Rhythmic,1997-01-04,1997-12-27,52,2080,4454,4505
1997_us_singles,Adult R&B Airplay,1997-01-04,1997-12-27,52,2080,4601,4652
1997_us_singles,Mainstream R&B Hip-Hop Airplay,1997-01-04,1997-12-27,52,2060,4754,4805
1997_us_singles,Bubbling Under The Hot 100,1997-01-04,1997-12-27,52,1300,4936,4987
1997_us_singles,Bubbling Under The R&B Singles Chart,1997-01-04,1997-12-27,52,1300,5109,5160
1998_us_singles,Billboard Hot 100,1998-01-03,1998-12-26,52,5200,112,215
1998_us_singles,Country Singles Chart,1998-01-03,1998-12-26,52,3900,392,471
1998_us_singles,Rhythm And Blues Singles Chart,1998-01-03,1998-12-26,52,5200,652,757
1998_us_singles,Adult Contemporary,1998-01-03,1998-12-26,52,1560,903,935
1998_us_singles,Hot Rap Singles,1998-01-03,1998-12-26,52,2600,1054,1107
1998_us_singles,R&B Single Sales - Point Of Sale,1998-01-03,1998-12-26,52,3900,1258,1338
1998_us_singles,Country Single Sales,1998-01-03,1998-12-26,52,1300,1454,1481
1998_us_singles,Adult Pop Songs,1998-01-03,1998-12-26,52,2080,1545,1588
1998_us_singles,Adult Pop Songs - Recurrent,1998-01-03,1998-12-26,52,520,1650,1661
1998_us_singles,Mainstream Rock Tracks,1998-01-03,1998-12-26,52,2080,1724,1767
1998_us_singles,Modern Rock Tracks,1998-01-03,1998-12-26,52,2080,1856,1899
1998_us_singles,Hot 100 Point Of Sales Singles,1998-01-03,1998-12-26,52,3900,2012,2091
1998_us_singles,Hot 100 Recurrent Singles,1998-01-03,1998-12-26,52,1560,2224,2256
1998_us_singles,Adult Contemporary Recurrents,1998-01-03,1998-12-26,52,520,2331,2342
1998_us_singles,Disco Singles,1998-01-03,1998-12-26,52,2860,2455,2514
1998_us_singles,Disco 12 Inch Single Sales,1998-01-03,1998-12-26,52,2860,2724,2783
1998_us_singles,Top 40 Tracks,1998-11-28,1998-12-26,5,196,2906,2910
1998_us_singles,Country Recurrent Airplay,1998-01-03,1998-12-26,52,1300,2959,2986
1998_us_singles,Radio Songs,1998-01-03,1998-12-26,52,3900,3086,3165
1998_us_singles,Radio Songs Recurrents,1998-01-03,1998-12-26,52,1300,3279,3306
1998_us_singles,R&B Airplay,1998-01-03,1998-12-26,52,3900,3414,3494
1998_us_singles,R&B Radio Monitor Recurrent,1998-01-03,1998-12-26,52,1300,3624,3651
1998_us_singles,Top 40 Radio - Pop,1998-01-03,1998-12-26,52,2080,3732,3775
1998_us_singles,Top 40 Radio - Rhythmic,1998-01-03,1998-12-26,52,2080,3863,3906
1998_us_singles,Adult R&B Airplay,1998-01-03,1998-12-26,52,2080,3989,4032
1998_us_singles,Mainstream R&B Hip-Hop Airplay,1998-01-03,1998-12-26,52,2080,4121,4164
1998_us_singles,Bubbling Under The Hot 100,1998-01-03,1998-12-26,52,1300,4286,4313
1998_us_singles,Bubbling Under The R&B Singles Chart,1998-01-03,1998-12-26,52,1300,4429,4456
1999_us_singles,Billboard Hot 100,1999-01-02,1999-12-25,52,5200,99,202
1999_us_singles,Country Singles Chart,1999-01-02,1999-12-25,52,3900,374,453
1999_us_singles,Rhythm And Blues Singles Chart,1999-01-02,1999-12-25,52,5200,631,735
1999_us_singles,Adult Contemporary,1999-01-02,1999-12-25,52,1560,882,914
1999_us_singles,Hot Rap Singles,1999-01-02,1999-12-25,52,2600,1040,1092
1999_us_singles,R&B Single Sales - Point Of Sale,1999-01-02,1999-12-25,52,3900,1258,1338
1999_us_singles,Country Single Sales,1999-01-02,1999-12-25,52,1295,1461,1488
1999_us_singles,Adult Pop Songs,1999-01-02,1999-12-25,52,2080,1553,1596
1999_us_singles,Adult Pop Songs - Recurrent,1999-01-02,1999-12-25,52,970,1658,1678
1999_us_singles,Mainstream Rock Tracks,1999-01-02,1999-12-25,52,2080,1743,1786
1999_us_singles,Modern Rock Tracks,1999-01-02,1999-12-25,52,2080,1874,1917
1999_us_singles,Hot 100 Point Of Sales Singles,1999-01-02,1999-12-25,52,3900,2035,2114
1999_us_singles,Hot 100 Recurrent Singles,1999-01-02,1999-12-25,52,1560,2252,2284
1999_us_singles,Adult Contemporary Recurrents,1999-01-02,1999-12-25,52,970,2357,2377
1999_us_singles,Disco Singles,1999-01-02,1999-12-25,52,2860,2485,2544
1999_us_singles,Disco 12 Inch Single Sales,1999-01-02,1999-12-25,52,2860,2732,2791
1999_us_singles,Top 40 Tracks,1999-01-02,1999-12-25,52,2079,2920,2963
1999_us_singles,Country Recurrent Airplay,1999-01-02,1999-12-25,52,1300,3038,3065
1999_us_singles,Radio Songs,1999-01-02,1999-12-25,52,3900,3161,3240
1999_us_singles,Radio Songs Recurrents,1999-01-02,1999-12-25,52,1300,3364,3391
1999_us_singles,R&B Airplay,1999-01-02,1999-12-25,52,3900,3505,3584
1999_us_singles,R&B Radio Monitor Recurrent,1999-01-02,1999-12-25,52,1300,3712,3739
1999_us_singles,Top 40 Radio - Pop,1999-01-02,1999-12-25,52,2080,3823,3866
1999_us_singles,Top 40 Radio - Rhythmic,1999-01-02,1999-12-25,52,2080,3959,4002
1999_us_singles,Adult R&B Airplay,1999-01-02,1999-12-25,52,2080,4087,4130
1999_us_singles,Mainstream R&B Hip-Hop Airplay,1999-01-02,1999-12-25,52,2080,4223,4266
1999_us_singles,Mainstream Top 40 Recurrents,1999-02-20,1999-12-25,45,900,4334,4353
1999_us_singles,Rap Airplay,1999-02-20,1999-12-25,42,840,4404,4421
1999_us_singles,Bubbling Under The Hot 100,1999-01-02,1999-12-25,52,1300,4526,4553
1999_us_singles,Bubbling Under The R&B Singles Chart,1999-01-02,1999-12-25,52,1300,4695,4722
2000_us_singles,Billboard Hot 100,2000-01-01,2000-12-30,53,5300,99,204
2000_us_singles,Country Singles Chart,2000-01-01,2000-12-30,53,3975,371,452
2000_us_singles,Rhythm And Blues Singles Chart,2000-01-01,2000-12-30,53,5300,637,742
2000_us_singles,Adult Contemporary,2000-01-01,2000-12-30,53,1589,884,917
2000_us_singles,Hot Rap Singles,2000-01-01,2000-12-30,53,2650,1053,1105
2000_us_singles,R&B Single Sales - Point Of Sale,2000-01-01,2000-12-30,53,3975,1283,1364
2000_us_singles,Country Single Sales,2000-01-01,2000-12-30,53,1325,1482,1510
2000_us_singles,Adult Pop Songs,2000-01-01,2000-12-30,53,2120,1578,1622
2000_us_singles,Adult Pop Songs - Recurrent,2000-01-01,2000-12-30,53,1060,1690,1712
2000_us_singles,Mainstream Rock Tracks,2000-01-01,2000-12-30,53,2120,1778,1822
2000_us_singles,Modern Rock Tracks,2000-01-01,2000-12-30,53,2120,1906,1950
2000_us_singles,Hot 100 Point Of Sales Singles,2000-01-01,2000-12-30,53,3975,2076,2157
2000_us_singles,Hot 100 Recurrent Singles,2000-01-01,2000-12-30,53,1590,2266,2299
2000_us_singles,Adult Contemporary Recurrents,2000-01-01,2000-12-30,53,1060,2379,2401
2000_us_singles,Disco Singles,2000-01-01,2000-12-30,53,2915,2513,2573
2000_us_singles,Disco 12 Inch Single Sales,2000-01-01,2000-12-30,53,2915,2761,2821
2000_us_singles,Top 40 Tracks,2000-01-01,2000-12-30,53,2118,2960,3004
2000_us_singles,Country Recurrent Airplay,2000-01-01,2000-12-30,53,1325,3081,3109
2000_us_singles,Radio Songs,2000-01-01,2000-12-30,53,3975,3213,3294
2000_us_singles,Radio Songs Recurrents,2000-01-01,2000-12-30,53,1325,3422,3450
2000_us_singles,R&B Airplay,2000-01-01,2000-12-30,53,3975,3567,3648
2000_us_singles,R&B Radio Monitor Recurrent,2000-01-01,2000-12-30,53,1325,3779,3807
2000_us_singles,Top 40 Radio - Pop,2000-01-01,2000-12-30,53,2120,3897,3941
2000_us_singles,Top 40 Radio - Rhythmic,2000-01-01,2000-12-30,53,2120,4035,4079
2000_us_singles,Adult R&B Airplay,2000-01-01,2000-12-30,53,2120,4168,4212
2000_us_singles,Mainstream R&B Hip-Hop Airplay,2000-01-01,2000-12-30,53,2120,4309,4353
2000_us_singles,Mainstream Top 40 Recurrents,2000-01-01,2000-12-30,53,1060,4424,4446
2000_us_singles,Rap Airplay,2000-01-01,2000-12-30,53,1060,4505,4527
2000_us_singles,Bubbling Under The Hot 100,2000-01-01,2000-12-30,53,1325,4630,4658
2000_us_singles,Bubbling Under The R&B Singles Chart,2000-01-01,2000-12-30,53,1325,4801,4829
2001_us_singles,Billboard Hot 100,2001-01-06,2001-12-29,52,5200,100,204
2001_us_singles,Country Singles Chart,2001-01-06,2001-12-29,52,3135,363,427
2001_us_singles,Rhythm And Blues Singles Chart,2001-01-06,2001-12-29,52,5200,601,705
2001_us_singles,Adult Contemporary,2001-01-06,2001-12-29,52,1560,849,881
2001_us_singles,Hot Rap Singles,2001-01-06,2001-12-29,52,2025,999,1040
2001_us_singles,R&B Single Sales - Point Of Sale,2001-01-06,2001-12-29,52,3900,1223,1302
2001_us_singles,Country Single Sales,2001-01-06,2001-12-29,52,1300,1436,1463
2001_us_singles,Adult Pop Songs,2001-01-06,2001-12-29,52,2080,1530,1573
2001_us_singles,Adult Pop Songs - Recurrent,2001-01-06,2001-12-29,52,1040,1639,1661
2001_us_singles,Mainstream Rock Tracks,2001-01-06,2001-12-29,52,2080,1727,1770
2001_us_singles,Modern Rock Tracks,2001-01-06,2001-12-29,52,2080,1855,1898
2001_us_singles,Hot 100 Point Of Sales Singles,2001-01-06,2001-12-29,52,3900,2036,2115
2001_us_singles,Hot 100 Recurrent Singles,2001-01-06,2001-12-29,52,1560,2265,2297
2001_us_singles,Adult Contemporary Recurrents,2001-01-06,2001-12-29,52,1040,2382,2404
2001_us_singles,Disco Singles,2001-01-06,2001-12-29,52,2860,2525,2584
2001_us_singles,Disco 12 Inch Single Sales,2001-01-06,2001-12-29,52,2285,2765,2812
2001_us_singles,Top 40 Tracks,2001-01-06,2001-12-29,52,2080,2949,2992
2001_us_singles,Country Recurrent Airplay,2001-01-06,2001-12-29,52,1299,3070,3097
2001_us_singles,Radio Songs,2001-01-06,2001-12-29,52,3900,3201,3281
2001_us_singles,Radio Songs Recurrents,2001-01-06,2001-12-29,52,1300,3411,3438
2001_us_singles,R&B Airplay,2001-01-06,2001-12-29,52,3900,3561,3641
2001_us_singles,R&B Radio Monitor Recurrent,2001-01-06,2001-12-29,52,1300,3794,3821
2001_us_singles,Top 40 Radio - Pop,2001-01-06,2001-12-29,52,2080,3914,3957
2001_us_singles,Top 40 Radio - Rhythmic,2001-01-06,2001-12-29,52,2080,4053,4096
2001_us_singles,Adult R&B Airplay,2001-01-06,2001-12-29,52,2080,4186,4229
2001_us_singles,Mainstream R&B Hip-Hop Airplay,2001-01-06,2001-12-29,52,2080,4328,4371
2001_us_singles,Mainstream Top 40 Recurrents,2001-01-06,2001-12-29,52,1040,4445,4467
2001_us_singles,Rap Airplay,2001-01-06,2001-12-29,52,1040,4530,4552
2001_us_singles,Bubbling Under The Hot 100,2001-01-06,2001-12-29,52,1300,4653,4680
2001_us_singles,Bubbling Under The R&B Singles Chart,2001-01-06,2001-12-29,52,1300,4826,4853
2002_us_singles,Billboard Hot 100,2002-01-05,2002-12-28,52,5200,99,203
2002_us_singles,Country Singles Chart,2002-01-05,2002-12-28,52,3120,362,426
2002_us_singles,Rhythm And Blues Singles Chart,2002-01-05,2002-12-28,52,5200,592,696
2002_us_singles,Adult Contemporary,2002-01-05,2002-12-28,52,1560,834,866
2002_us_singles,Hot Rap Singles,2002-01-05,2002-12-28,52,1300,963,990
2002_us_singles,R&B Single Sales - Point Of Sale,2002-01-05,2002-12-28,52,3900,1173,1253
2002_us_singles,Country Single Sales,2002-01-05,2002-12-28,52,940,1393,1413
2002_us_singles,Adult Pop Songs,2002-01-05,2002-12-28,52,2080,1479,1522
2002_us_singles,Adult Pop Songs - Recurrent,2002-01-05,2002-12-28,52,1040,1590,1612
2002_us_singles,Mainstream Rock Tracks,2002-01-05,2002-12-28,52,2080,1680,1723
2002_us_singles,Modern Rock Tracks,2002-01-05,2002-12-28,52,2080,1808,1851
2002_us_singles,Hot 100 Point Of Sales Singles,2002-01-05,2002-12-28,52,3900,1997,2076
2002_us_singles,Hot 100 Recurrent Singles,2002-01-05,2002-12-28,52,1560,2243,2275
2002_us_singles,Adult Contemporary Recurrents,2002-01-05,2002-12-28,52,1040,2362,2384
2002_us_singles,Disco Singles,2002-01-05,2002-12-28,52,2860,2501,2560
2002_us_singles,Disco 12 Inch Single Sales,2002-01-05,2002-12-28,52,1560,2732,2764
2002_us_singles,Top 40 Tracks,2002-01-05,2002-12-28,52,2078,2870,2913
2002_us_singles,Country Recurrent Airplay,2002-01-05,2002-12-28,52,1095,2993,3016
2002_us_singles,Radio Songs,2002-01-05,2002-12-28,52,3900,3122,3202
2002_us_singles,Radio Songs Recurrents,2002-01-05,2002-12-28,52,1300,3339,3366
2002_us_singles,R&B Airplay,2002-01-05,2002-12-28,52,3900,3492,3572
2002_us_singles,R&B Radio Monitor Recurrent,2002-01-05,2002-12-28,52,1300,3728,3755
2002_us_singles,Top 40 Radio - Pop,2002-01-05,2002-12-28,52,2080,3854,3897
2002_us_singles,Top 40 Radio - Rhythmic,2002-01-05,2002-12-28,52,2080,3998,4041
2002_us_singles,Adult R&B Airplay,2002-01-05,2002-12-28,52,2080,4131,4174
2002_us_singles,Mainstream R&B Hip-Hop Airplay,2002-01-05,2002-12-28,52,2080,4269,4312
2002_us_singles,Mainstream Top 40 Recurrents,2002-01-05,2002-12-28,52,1040,4389,4411
2002_us_singles,Rap Airplay,2002-01-05,2002-12-28,52,1195,4479,4504
2002_us_singles,Bubbling Under The Hot 100,2002-01-05,2002-12-28,52,1300,4605,4632
2002_us_singles,Bubbling Under The R&B Singles Chart,2002-01-05,2002-12-28,52,1300,4778,4805
2003_us_singles,Billboard Hot 100,2003-01-04,2003-12-27,52,5200,97,200
2003_us_singles,Country Singles Chart,2003-01-04,2003-12-27,52,3120,356,420
2003_us_singles,Rhythm And Blues Singles Chart,2003-01-04,2003-12-27,52,5200,583,686
2003_us_singles,Adult Contemporary,2003-01-04,2003-12-27,52,1560,826,858
2003_us_singles,Hot Rap Singles,2003-01-04,2003-12-27,52,1300,941,968
2003_us_singles,R&B Single Sales - Point Of Sale,2003-01-04,2003-12-27,52,3900,1141,1221
2003_us_singles,Country Single Sales,2003-01-04,2003-12-27,52,520,1365,1376
2003_us_singles,Adult Pop Songs,2003-01-04,2003-12-27,52,2080,1440,1483
2003_us_singles,Adult Pop Songs - Recurrent,2003-01-04,2003-12-27,52,1040,1552,1574
2003_us_singles,Mainstream Rock Tracks,2003-01-04,2003-12-27,52,2080,1635,1678
2003_us_singles,Modern Rock Tracks,2003-01-04,2003-12-27,52,2080,1763,1806
2003_us_singles,Hot 100 Recurrent Singles,2003-01-04,2003-12-27,52,1560,1907,1939
2003_us_singles,Adult Contemporary Recurrents,2003-01-04,2003-12-27,52,1040,2028,2050
2003_us_singles,Disco Singles,2003-01-04,2003-12-27,52,2860,2165,2224
2003_us_singles,Disco 12 Inch Single Sales,2003-01-04,2003-12-27,52,1560,2392,2424
2003_us_singles,Top 40 Tracks,2003-01-04,2003-07-26,30,1197,2521,2545
2003_us_singles,Country Recurrent Airplay,2003-01-04,2003-12-27,52,1040,2613,2635
2003_us_singles,Radio Songs,2003-01-04,2003-12-27,52,3900,2739,2818
2003_us_singles,Radio Songs Recurrents,2003-01-04,2003-12-27,52,1300,2953,2980
2003_us_singles,R&B Airplay,2003-01-04,2003-12-27,52,3900,3104,3183
2003_us_singles,R&B Radio Monitor Recurrent,2003-01-04,2003-12-27,52,1300,3323,3350
2003_us_singles,Top 40 Radio - Pop,2003-01-04,2003-12-27,52,2080,3448,3491
2003_us_singles,Top 40 Radio - Rhythmic,2003-01-04,2003-12-27,52,2080,3597,3640
2003_us_singles,Adult R&B Airplay,2003-01-04,2003-12-27,52,2080,3735,3778
2003_us_singles,Mainstream R&B Hip-Hop Airplay,2003-01-04,2003-12-27,52,2080,3874,3917
2003_us_singles,Mainstream Top 40 Recurrents,2003-01-04,2003-12-27,52,1040,3998,4020
2003_us_singles,Rap Airplay,2003-01-04,2003-12-27,52,1300,4090,4117
2003_us_singles,Hot Dance Airplay,2003-08-16,2003-12-27,20,605,4177,4189
2003_us_singles,Bubbling Under The Hot 100,2003-01-04,2003-12-27,52,1306,4287,4314
2003_us_singles,Bubbling Under The R&B Singles Chart,2003-01-04,2003-12-27,52,1300,4454,4481
2004_us_singles,Billboard Hot 100,2004-01-03,2004-12-25,52,5200,98,201
2004_us_singles,Country Singles Chart,2004-01-03,2004-12-25,52,3120,359,423
2004_us_singles,Rhythm And Blues Singles Chart,2004-01-03,2004-12-25,52,5200,578,681
2004_us_singles,Adult Contemporary,2004-01-03,2004-12-25,52,1680,824,859
2004_us_singles,Hot Rap Singles,2004-01-03,2004-12-25,52,1300,943,970
2004_us_singles,R&B Single Sales - Point Of Sale,2004-01-03,2004-12-25,52,3900,1148,1228
2004_us_singles,Country Single Sales,2004-01-03,2004-12-25,52,520,1369,1380
2004_us_singles,Adult Pop Songs,2004-01-03,2004-12-25,52,2080,1439,1482
2004_us_singles,Adult Pop Songs - Recurrent,2004-01-03,2004-12-25,52,1040,1548,1570
2004_us_singles,Digital Song Sales,2004-10-30,2004-12-25,9,450,1621,1629
2004_us_singles,Mainstream Rock Tracks,2004-01-03,2004-12-25,52,2080,1695,1738
2004_us_singles,Modern Rock Tracks,2004-01-03,2004-12-25,52,2080,1825,1868
2004_us_singles,Hot 100 Recurrent Singles,2004-01-03,2004-12-25,52,1560,1968,2000
2004_us_singles,Adult Contemporary Recurrents,2004-01-03,2004-12-25,52,1040,2088,2110
2004_us_singles,Disco Singles,2004-01-03,2004-12-25,52,2860,2228,2287
2004_us_singles,Disco 12 Inch Single Sales,2004-01-03,2004-12-25,52,1560,2450,2482
2004_us_singles,Country Recurrent Airplay,2004-01-03,2004-12-25,52,1040,2568,2590
2004_us_singles,Radio Songs,2004-01-03,2004-12-25,52,3900,2696,2775
2004_us_singles,Radio Songs Recurrents,2004-01-03,2004-12-25,52,1300,2912,2939
2004_us_singles,R&B Airplay,2004-01-03,2004-12-25,52,3900,3059,3138
2004_us_singles,R&B Radio Monitor Recurrent,2004-01-03,2004-12-25,52,1300,3270,3297
2004_us_singles,Top 40 Radio - Pop,2004-01-03,2004-12-25,52,2080,3398,3441
2004_us_singles,Top 40 Radio - Rhythmic,2004-01-03,2004-12-25,52,2080,3546,3589
2004_us_singles,Adult R&B Airplay,2004-01-03,2004-12-25,52,2080,3680,3723
2004_us_singles,Mainstream R&B Hip-Hop Airplay,2004-01-03,2004-12-25,52,2080,3816,3859
2004_us_singles,Mainstream Top 40 Recurrents,2004-01-03,2004-12-25,52,1040,3937,3959
2004_us_singles,Rap Airplay,2004-01-03,2004-12-25,52,1300,4028,4055
2004_us_singles,Hot Dance Airplay,2004-01-03,2004-12-25,52,1300,4132,4159
2004_us_singles,Bubbling Under The Hot 100,2004-01-03,2004-12-25,52,1300,4273,4300
2004_us_singles,Bubbling Under The R&B Singles Chart,2004-01-03,2004-12-25,52,1300,4434,4461
2005_us_singles,Billboard Hot 100,2005-01-01,2005-12-31,53,5300,101,206
2005_us_singles,Country Singles Chart,2005-01-01,2005-12-31,53,3180,369,434
2005_us_singles,Rhythm And Blues Singles Chart,2005-01-01,2005-12-31,53,5300,596,701
2005_us_singles,Adult Contemporary,2005-01-01,2005-12-31,53,2120,850,894
2005_us_singles,Hot Rap Singles,2005-01-01,2005-12-31,53,1325,980,1008
2005_us_singles,R&B Single Sales - Point Of Sale,2005-01-01,2005-12-31,53,2800,1149,1205
2005_us_singles,Country Single Sales,2005-01-01,2005-11-26,48,480,1337,1347
2005_us_singles,Adult Pop Songs,2005-01-01,2005-12-31,53,2120,1405,1449
2005_us_singles,Adult Pop Songs - Recurrent,2005-01-01,2005-12-31,53,1060,1518,1540
2005_us_singles,Digital Song Sales,2005-01-01,2005-12-31,53,3825,1632,1710
2005_us_singles,Mainstream Rock Tracks,2005-01-01,2005-12-31,53,2120,1843,1887
2005_us_singles,Modern Rock Tracks,2005-01-01,2005-12-31,53,2120,1970,2014
2005_us_singles,Hot 100 Recurrent Singles,2005-01-01,2005-12-31,53,1590,2118,2151
2005_us_singles,Adult Contemporary Recurrents,2005-01-01,2005-12-31,53,1060,2247,2269
2005_us_singles,Pop 100 Singles,2005-02-12,2005-12-31,47,4700,2371,2464
2005_us_singles,Disco Singles,2005-01-01,2005-12-31,53,2915,2648,2708
2005_us_singles,Disco 12 Inch Single Sales,2005-01-01,2005-12-31,53,1590,2878,2911
2005_us_singles,Pop 100 Airplay,2005-02-12,2005-12-31,47,2101,3003,3045
2005_us_singles,Country Recurrent Airplay,2005-01-01,2005-12-31,53,1060,3127,3149
2005_us_singles,Radio Songs,2005-01-01,2005-12-31,53,3975,3248,3329
2005_us_singles,Radio Songs Recurrents,2005-01-01,2005-12-31,53,1325,3467,3495
2005_us_singles,R&B Airplay,2005-01-01,2005-12-31,53,3975,3621,3702
2005_us_singles,R&B Radio Monitor Recurrent,2005-01-01,2005-12-31,53,1325,3844,3872
2005_us_singles,Top 40 Radio - Pop,2005-01-01,2005-12-31,53,2120,3974,4018
2005_us_singles,Top 40 Radio - Rhythmic,2005-01-01,2005-12-31,53,2120,4120,4164
2005_us_singles,Adult R&B Airplay,2005-01-01,2005-12-31,53,2120,4258,4302
2005_us_singles,Mainstream R&B Hip-Hop Airplay,2005-01-01,2005-12-31,53,2120,4398,4442
2005_us_singles,Mainstream Top 40 Recurrents,2005-01-01,2005-12-31,53,1060,4523,4545
2005_us_singles,Rap Airplay,2005-01-01,2005-12-31,53,1325,4616,4644
2005_us_singles,Hot Dance Airplay,2005-01-01,2005-12-31,53,1325,4721,4749
2005_us_singles,Bubbling Under The Hot 100,2005-01-01,2005-12-31,53,1325,4879,4907
2005_us_singles,Bubbling Under The R&B Singles Chart,2005-01-01,2005-12-31,53,1325,5048,5076
2006_us_singles,Billboard Hot 100,2006-01-07,2006-12-30,52,5200,104,207
2006_us_singles,Country Singles Chart,2006-01-07,2006-12-30,52,3120,374,438
2006_us_singles,Rhythm And Blues Singles Chart,2006-01-07,2006-12-30,52,5200,595,698
2006_us_singles,Adult Contemporary,2006-01-07,2006-12-30,52,1880,846,885
2006_us_singles,Hot Rap Singles,2006-01-07,2006-12-30,52,1300,968,995
2006_us_singles,R&B Single Sales - Point Of Sale,2006-01-07,2006-12-30,52,2600,1144,1196
2006_us_singles,Adult Pop Songs,2006-01-07,2006-12-30,52,2080,1320,1363
2006_us_singles,Adult Pop Songs - Recurrent,2006-01-07,2006-12-30,52,1040,1433,1455
2006_us_singles,Digital Song Sales,2006-01-07,2006-12-30,52,3900,1555,1634
2006_us_singles,Mainstream Rock Tracks,2006-01-07,2006-12-30,52,2080,1779,1822
2006_us_singles,Modern Rock Tracks,2006-01-07,2006-12-30,52,2080,1907,1950
2006_us_singles,Hot 100 Recurrent Singles,2006-01-07,2006-12-30,52,1560,2053,2085
2006_us_singles,Adult Contemporary Recurrents,2006-01-07,2006-12-30,52,1040,2177,2199
2006_us_singles,Pop 100 Singles,2006-01-07,2006-12-30,52,5201,2310,2414
2006_us_singles,Disco Singles,2006-01-07,2006-12-30,52,2860,2618,2677
2006_us_singles,Disco 12 Inch Single Sales,2006-01-07,2006-12-30,52,1560,2839,2871
2006_us_singles,Pop 100 Airplay,2006-01-07,2006-12-30,52,2600,2966,3017
2006_us_singles,Country Recurrent Airplay,2006-01-07,2006-12-30,52,1040,3105,3127
2006_us_singles,Radio Songs,2006-01-07,2006-12-30,52,3900,3228,3307
2006_us_singles,Radio Songs Recurrents,2006-01-07,2006-12-30,52,1300,3444,3471
2006_us_singles,R&B Airplay,2006-01-07,2006-12-30,52,3900,3593,3672
2006_us_singles,R&B Radio Monitor Recurrent,2006-01-07,2006-12-30,52,1300,3813,3840
2006_us_singles,Top 40 Radio - Pop,2006-01-07,2006-12-30,52,2080,3945,3988
2006_us_singles,Top 40 Radio - Rhythmic,2006-01-07,2006-12-30,52,2080,4090,4133
2006_us_singles,Adult R&B Airplay,2006-01-07,2006-12-30,52,2080,4227,4270
2006_us_singles,Mainstream R&B Hip-Hop Airplay,2006-01-07,2006-12-30,52,2080,4369,4412
2006_us_singles,Mainstream Top 40 Recurrents,2006-01-07,2006-12-30,52,1040,4494,4516
2006_us_singles,Rap Airplay,2006-01-07,2006-12-30,52,1300,4587,4614
2006_us_singles,Hot Dance Airplay,2006-01-07,2006-12-30,52,1300,4694,4721
2006_us_singles,Bubbling Under The Hot 100,2006-01-07,2006-12-30,52,1300,4855,4882
2006_us_singles,Bubbling Under The R&B Singles Chart,2006-01-07,2006-12-30,52,1300,5026,5053
2007_us_singles,Billboard Hot 100,2007-01-06,2007-12-29,52,5200,102,205
2007_us_singles,Country Singles Chart,2007-01-06,2007-12-29,52,3120,377,441
2007_us_singles,Rhythm And Blues Singles Chart,2007-01-06,2007-12-29,52,5200,593,696
2007_us_singles,Adult Contemporary,2007-01-06,2007-12-29,52,1560,839,871
2007_us_singles,Hot Rap Singles,2007-01-06,2007-12-29,52,1300,952,979
2007_us_singles,R&B Single Sales - Point Of Sale,2007-01-06,2007-12-29,52,1400,1090,1119
2007_us_singles,Adult Pop Songs,2007-01-06,2007-12-29,52,2080,1232,1275
2007_us_singles,Adult Pop Songs - Recurrent,2007-01-06,2007-12-29,52,1040,1346,1368
2007_us_singles,Digital Song Sales,2007-01-06,2007-12-29,52,3900,1471,1550
2007_us_singles,Mainstream Rock Tracks,2007-01-06,2007-12-29,52,2080,1700,1743
2007_us_singles,Modern Rock Tracks,2007-01-06,2007-12-29,52,2080,1826,1869
2007_us_singles,Hot 100 Recurrent Singles,2007-01-06,2007-12-29,52,1560,1973,2005
2007_us_singles,Adult Contemporary Recurrents,2007-01-06,2007-12-29,52,1040,2096,2118
2007_us_singles,Pop 100 Singles,2007-01-06,2007-12-29,52,5200,2229,2332
2007_us_singles,Disco Singles,2007-01-06,2007-12-29,52,2860,2539,2598
2007_us_singles,Disco 12 Inch Single Sales,2007-01-06,2007-12-29,52,900,2749,2768
2007_us_singles,Pop 100 Airplay,2007-01-06,2007-12-29,52,2600,2858,2909
2007_us_singles,Country Recurrent Airplay,2007-01-06,2007-12-29,52,1040,3002,3024
2007_us_singles,Radio Songs,2007-01-06,2007-12-29,52,3900,3121,3200
2007_us_singles,Radio Songs Recurrents,2007-01-06,2007-12-29,52,1300,3332,3359
2007_us_singles,R&B Airplay,2007-01-06,2007-12-29,52,3900,3475,3554
2007_us_singles,R&B Radio Monitor Recurrent,2007-01-06,2007-12-29,52,1300,3689,3716
2007_us_singles,Top 40 Radio - Pop,2007-01-06,2007-12-29,52,2080,3819,3862
2007_us_singles,Top 40 Radio - Rhythmic,2007-01-06,2007-12-29,52,2080,3964,4007
2007_us_singles,Adult R&B Airplay,2007-01-06,2007-12-29,52,2080,4101,4144
2007_us_singles,Mainstream R&B Hip-Hop Airplay,2007-01-06,2007-12-29,52,2080,4240,4283
2007_us_singles,Mainstream Top 40 Recurrents,2007-01-06,2007-12-29,52,1040,4367,4389
2007_us_singles,Rap Airplay,2007-01-06,2007-12-29,52,1300,4462,4489
2007_us_singles,Hot Dance Airplay,2007-01-06,2007-12-29,52,1300,4569,4596
2007_us_singles,Bubbling Under The Hot 100,2007-01-06,2007-12-29,52,1300,4728,4755
2007_us_singles,Bubbling Under The R&B Singles Chart,2007-01-06,2007-12-29,52,1299,4902,4929
2008_us_singles,Billboard Hot 100,2008-01-05,2008-12-27,52,5200,106,209
2008_us_singles,Country Singles Chart,2008-01-05,2008-12-27,52,3120,384,448
2008_us_singles,Rhythm And Blues Singles Chart,2008-01-05,2008-12-27,52,5200,606,709
2008_us_singles,Adult Contemporary,2008-01-05,2008-12-27,52,1560,854,886
2008_us_singles,Hot Rap Singles,2008-01-05,2008-12-27,52,1300,967,994
2008_us_singles,R&B Single Sales - Point Of Sale,2008-01-05,2008-12-27,52,580,1082,1094
2008_us_singles,Adult Pop Songs,2008-01-05,2008-12-27,52,2080,1168,1211
2008_us_singles,Adult Pop Songs - Recurrent,2008-01-05,2008-12-27,52,1040,1282,1304
2008_us_singles,Digital Song Sales,2008-01-05,2008-12-27,52,3900,1410,1489
2008_us_singles,Mainstream Rock Tracks,2008-01-05,2008-12-27,52,2080,1645,1688
2008_us_singles,Modern Rock Tracks,2008-01-05,2008-12-27,52,2080,1772,1815
2008_us_singles,Hot 100 Recurrent Singles,2008-01-05,2008-12-27,52,1560,1917,1949
2008_us_singles,Adult Contemporary Recurrents,2008-01-05,2008-12-27,52,1040,2039,2061
2008_us_singles,Pop 100 Singles,2008-01-05,2008-12-27,52,5200,2167,2270
2008_us_singles,Disco Singles,2008-01-05,2008-12-27,52,2860,2468,2527
2008_us_singles,Disco 12 Inch Single Sales,2008-01-05,2008-12-27,52,780,2681,2697
2008_us_singles,Pop 100 Airplay,2008-01-05,2008-12-27,52,3300,2787,2854
2008_us_singles,Country Recurrent Airplay,2008-01-05,2008-12-27,52,1040,2953,2975
2008_us_singles,Radio Songs,2008-01-05,2008-12-27,52,3900,3072,3151
2008_us_singles,Radio Songs Recurrents,2008-01-05,2008-12-27,52,1300,3287,3314
2008_us_singles,R&B Airplay,2008-01-05,2008-12-27,52,3900,3433,3512
2008_us_singles,R&B Radio Monitor Recurrent,2008-01-05,2008-12-27,52,1300,3653,3680
2008_us_singles,Top 40 Radio - Pop,2008-01-05,2008-12-27,52,2080,3784,3827
2008_us_singles,Top 40 Radio - Rhythmic,2008-01-05,2008-12-27,52,2080,3928,3971
2008_us_singles,Adult R&B Airplay,2008-01-05,2008-12-27,52,2080,4066,4109
2008_us_singles,Mainstream R&B Hip-Hop Airplay,2008-01-05,2008-12-27,52,2080,4202,4245
2008_us_singles,Mainstream Top 40 Recurrents,2008-01-05,2008-12-27,52,1040,4331,4353
2008_us_singles,Rap Airplay,2008-01-05,2008-12-27,52,1300,4426,4453
2008_us_singles,Hot Dance Airplay,2008-01-05,2008-12-27,52,1300,4540,4567
2008_us_singles,Bubbling Under The Hot 100,2008-01-05,2008-12-27,52,1300,4701,4728
2008_us_singles,Bubbling Under The R&B Singles Chart,2008-01-05,2008-12-27,52,1300,4886,4913
2009_us_singles,Billboard Hot 100,2009-01-03,2009-12-26,52,5200,107,210
2009_us_singles,Country Singles Chart,2009-01-03,2009-12-26,52,3120,393,457
2009_us_singles,Rhythm And Blues Singles Chart,2009-01-03,2009-12-26,52,5200,608,711
2009_us_singles,Adult Contemporary,2009-01-03,2009-12-26,52,1560,850,882
2009_us_singles,Hot Rap Singles,2009-01-03,2009-12-26,52,1300,962,989
2009_us_singles,R&B Single Sales - Point Of Sale,2009-01-03,2009-12-26,52,520,1070,1081
2009_us_singles,Adult Pop Songs,2009-01-03,2009-12-26,52,2080,1145,1188
2009_us_singles,Adult Pop Songs - Recurrent,2009-01-03,2009-12-26,52,1040,1261,1283
2009_us_singles,Digital Song Sales,2009-01-03,2009-12-26,52,3900,1389,1468
2009_us_singles,Hot Rock Songs,2009-06-20,2009-12-26,28,1400,1620,1647
2009_us_singles,Mainstream Rock Tracks,2009-01-03,2009-12-26,52,2080,1726,1769
2009_us_singles,Modern Rock Tracks,2009-01-03,2009-12-26,52,2080,1854,1897
2009_us_singles,Hot 100 Recurrent Singles,2009-01-03,2009-12-26,52,1560,1997,2029
2009_us_singles,Adult Contemporary Recurrents,2009-01-03,2009-12-26,52,1040,2124,2146
2009_us_singles,Pop 100 Singles,2009-01-03,2009-06-27,26,2600,2227,2278
2009_us_singles,Disco Singles,2009-01-03,2009-12-26,52,2860,2434,2493
2009_us_singles,Disco 12 Inch Single Sales,2009-01-03,2009-12-26,52,715,2643,2658
2009_us_singles,Pop 100 Airplay,2009-01-03,2009-08-22,34,2550,2745,2797
2009_us_singles,Country Recurrent Airplay,2009-01-03,2009-12-26,52,1040,2894,2916
2009_us_singles,Radio Songs,2009-01-03,2009-12-26,52,3900,3013,3092
2009_us_singles,Radio Songs Recurrents,2009-01-03,2009-12-26,52,1300,3225,3252
2009_us_singles,R&B Airplay,2009-01-03,2009-12-26,52,3900,3370,3449
2009_us_singles,R&B Radio Monitor Recurrent,2009-01-03,2009-12-26,52,1300,3582,3609
2009_us_singles,Top 40 Radio - Pop,2009-01-03,2009-12-26,52,2080,3715,3758
2009_us_singles,Top 40 Radio - Rhythmic,2009-01-03,2009-12-26,52,2080,3860,3903
2009_us_singles,Adult R&B Airplay,2009-01-03,2009-12-26,52,2080,4000,4043
2009_us_singles,Mainstream R&B Hip-Hop Airplay,2009-01-03,2009-12-26,52,2080,4137,4180
2009_us_singles,Mainstream Top 40 Recurrents,2009-01-03,2009-12-26,52,1040,4264,4286
2009_us_singles,Rap Airplay,2009-01-03,2009-12-26,52,1300,4360,4387
2009_us_singles,Hot Dance Airplay,2009-01-03,2009-12-26,52,1300,4470,4497
2009_us_singles,Rock Airplay,2009-06-20,2009-12-26,28,1400,4566,4593
2009_us_singles,Bubbling Under The Hot 100,2009-01-03,2009-12-26,52,1300,4714,4741
2009_us_singles,Bubbling Under The R&B Singles Chart,2009-01-03,2009-12-26,52,1299,4897,4924
2010_us_singles,Billboard Hot 100,2010-01-02,2010-12-25,52,5200,115,218
2010_us_singles,Country Singles Chart,2010-01-02,2010-12-25,52,3120,400,464
2010_us_singles,Rhythm And Blues Singles Chart,2010-01-02,2010-12-25,52,5200,613,716
2010_us_singles,Adult Contemporary,2010-01-02,2010-12-25,52,1560,851,883
2010_us_singles,Hot Rap Singles,2010-01-02,2010-12-25,52,1300,959,986
2010_us_singles,R&B Single Sales - Point Of Sale,2010-01-02,2010-12-25,52,520,1064,1075
2010_us_singles,Adult Pop Songs,2010-01-02,2010-12-25,52,2080,1138,1181
2010_us_singles,Adult Pop Songs - Recurrent,2010-01-02,2010-12-25,52,1040,1253,1275
2010_us_singles,Digital Song Sales,2010-01-02,2010-12-25,52,3900,1399,1478
2010_us_singles,Hot Rock Songs,2010-01-02,2010-12-25,52,2600,1646,1697
2010_us_singles,Mainstream Rock Tracks,2010-01-02,2010-12-25,52,2080,1789,1832
2010_us_singles,Modern Rock Tracks,2010-01-02,2010-12-25,52,2080,1914,1957
2010_us_singles,Hot 100 Recurrent Singles,2010-01-02,2010-12-25,52,1560,2052,2084
2010_us_singles,Adult Contemporary Recurrents,2010-01-02,2010-12-25,52,1040,2169,2191
2010_us_singles,Disco Singles,2010-01-02,2010-12-25,52,2860,2306,2365
2010_us_singles,Disco 12 Inch Single Sales,2010-01-02,2010-12-25,52,520,2502,2513
2010_us_singles,Holiday Digital Song Sales,2010-10-16,2010-12-25,11,550,2570,2580
2010_us_singles,Songs Of Summer,2010-07-17,2010-09-18,10,100,2632,2634
2010_us_singles,Pop Digital Sales,2010-01-23,2010-12-25,49,1225,2687,2712
2010_us_singles,Country Digital Sales,2010-01-23,2010-12-25,49,2450,2796,2844
2010_us_singles,R&B Hip-Hop Digital Sales,2010-01-23,2010-12-25,49,2450,2970,3018
2010_us_singles,Rap Digital Sales,2010-01-23,2010-12-25,49,2450,3149,3197
2010_us_singles,Rock Digital Sales,2010-01-23,2010-12-25,49,2450,3321,3369
2010_us_singles,Country Recurrent Airplay,2010-01-02,2010-12-25,52,1040,3486,3508
2010_us_singles,Radio Songs,2010-01-02,2010-12-25,52,3900,3601,3680
2010_us_singles,Radio Songs Recurrents,2010-01-02,2010-12-25,52,1300,3808,3835
2010_us_singles,R&B Airplay,2010-01-02,2010-12-25,52,3900,3950,4029
2010_us_singles,R&B Radio Monitor Recurrent,2010-01-02,2010-12-25,52,1300,4157,4184
2010_us_singles,Top 40 Radio - Pop,2010-01-02,2010-12-25,52,2080,4285,4328
2010_us_singles,Top 40 Radio - Rhythmic,2010-01-02,2010-12-25,52,2080,4422,4465
2010_us_singles,Adult R&B Airplay,2010-01-02,2010-12-25,52,2080,4554,4597
2010_us_singles,Mainstream R&B Hip-Hop Airplay,2010-01-02,2010-12-25,52,2080,4690,4733
2010_us_singles,Mainstream Top 40 Recurrents,2010-01-02,2010-12-25,52,1040,4818,4840
2010_us_singles,Rap Airplay,2010-01-02,2010-12-25,52,1300,4912,4939
2010_us_singles,Hot Dance Airplay,2010-01-02,2010-12-25,52,1300,5035,5062
2010_us_singles,Rock Airplay,2010-01-02,2010-12-25,52,2600,5146,5197
2010_us_singles,Bubbling Under The Hot 100,2010-01-02,2010-12-25,52,1300,5337,5364
2010_us_singles,Bubbling Under The R&B Singles Chart,2010-01-02,2010-12-25,52,1299,5515,5542
2011_us_singles,Billboard Hot 100,2011-01-01,2011-12-31,53,5300,121,226
2011_us_singles,Country Singles Chart,2011-01-01,2011-12-31,53,3180,411,476
2011_us_singles,Rhythm And Blues Singles Chart,2011-01-01,2011-12-31,53,5300,632,737
2011_us_singles,Adult Contemporary,2011-01-01,2011-12-31,53,1590,876,909
2011_us_singles,Hot Rap Singles,2011-01-01,2011-12-31,53,1325,987,1015
2011_us_singles,R&B Single Sales - Point Of Sale,2011-01-01,2011-12-31,53,530,1090,1101
2011_us_singles,Adult Pop Songs,2011-01-01,2011-12-31,53,2120,1166,1210
2011_us_singles,Adult Pop Songs - Recurrent,2011-01-01,2011-12-31,53,1060,1280,1302
2011_us_singles,Digital Song Sales,2011-01-01,2011-12-31,53,3975,1425,1506
2011_us_singles,Hot Rock Songs,2011-01-01,2011-12-31,53,2650,1670,1722
2011_us_singles,Mainstream Rock Tracks,2011-01-01,2011-12-31,53,2120,1816,1860
2011_us_singles,Modern Rock Tracks,2011-01-01,2011-12-31,53,2120,1943,1987
2011_us_singles,Hot 100 Recurrent Singles,2011-01-01,2011-12-31,53,1590,2088,2121
2011_us_singles,Adult Contemporary Recurrents,2011-01-01,2011-12-31,53,1060,2209,2231
2011_us_singles,Disco Singles,2011-01-01,2011-12-31,53,2915,2350,2410
2011_us_singles,Disco 12 Inch Single Sales,2011-01-01,2011-12-31,53,530,2554,2565
2011_us_singles,Holiday Digital Song Sales,2011-01-01,2011-12-31,15,750,2633,2647
2011_us_singles,Songs Of Summer,2011-07-02,2011-09-17,12,120,2714,2716
2011_us_singles,Pop Digital Sales,2011-01-01,2011-12-31,53,1325,2764,2792
2011_us_singles,Country Digital Sales,2011-01-01,2011-12-31,53,2650,2884,2936
2011_us_singles,R&B Hip-Hop Digital Sales,2011-01-01,2011-12-31,53,2650,3073,3125
2011_us_singles,Rap Digital Sales,2011-01-01,2011-12-31,53,2650,3266,3318
2011_us_singles,Rock Digital Sales,2011-01-01,2011-12-31,53,2650,3459,3511
2011_us_singles,Hard Rock Digital Song Sales,2011-01-22,2011-12-31,50,1250,3651,3677
2011_us_singles,Alternative Digital Song Sales,2011-01-22,2011-12-31,50,1250,3764,3790
2011_us_singles,Country Recurrent Airplay,2011-01-01,2011-12-31,53,1060,3878,3900
2011_us_singles,Radio Songs,2011-01-01,2011-12-31,53,3975,3997,4078
2011_us_singles,Radio Songs Recurrents,2011-01-01,2011-12-31,53,1325,4209,4237
2011_us_singles,R&B Airplay,2011-01-01,2011-12-31,53,3975,4352,4433
2011_us_singles,R&B Radio Monitor Recurrent,2011-01-01,2011-12-31,53,1325,4569,4597
2011_us_singles,Top 40 Radio - Pop,2011-01-01,2011-12-31,53,2120,4704,4748
2011_us_singles,Top 40 Radio - Rhythmic,2011-01-01,2011-12-31,53,2120,4847,4891
2011_us_singles,Adult R&B Airplay,2011-01-01,2011-12-31,53,2120,4982,5026
2011_us_singles,Mainstream R&B Hip-Hop Airplay,2011-01-01,2011-12-31,53,2120,5121,5165
2011_us_singles,Mainstream Top 40 Recurrents,2011-01-01,2011-12-31,53,1060,5248,5270
2011_us_singles,Rap Airplay,2011-01-01,2011-12-31,53,1325,5341,5369
2011_us_singles,Hot Dance Airplay,2011-01-01,2011-12-31,53,1325,5459,5487
2011_us_singles,Rock Airplay,2011-01-01,2011-12-31,53,2650,5571,5623
2011_us_singles,Bubbling Under The Hot 100,2011-01-01,2011-12-31,53,1325,5769,5797
2011_us_singles,Bubbling Under The R&B Singles Chart,2011-01-01,2011-12-31,53,1325,5959,5987
2012_us_singles,Billboard Hot 100,2012-01-07,2012-12-29,52,5200,110,213
2012_us_singles,Country Singles Chart,2012-01-07,2012-12-29,52,3120,379,443
2012_us_singles,Rhythm And Blues Singles Chart,2012-01-07,2012-12-29,52,4650,596,688
2012_us_singles,Adult Contemporary,2012-01-07,2012-12-29,52,1560,832,864
2012_us_singles,Hot Rap Singles,2012-01-07,2012-12-29,52,1300,945,972
2012_us_singles,R&B Single Sales - Point Of Sale,2012-01-07,2012-12-29,52,520,1047,1058
2012_us_singles,Adult Pop Songs,2012-01-07,2012-12-29,52,2080,1125,1168
2012_us_singles,Adult Pop Songs - Recurrent,2012-01-07,2012-12-29,52,1040,1240,1262
2012_us_singles,Digital Song Sales,2012-01-07,2012-12-29,52,3891,1382,1461
2012_us_singles,Hot Rock Songs,2012-01-07,2012-12-29,52,2600,1628,1679
2012_us_singles,Mainstream Rock Tracks,2012-01-07,2012-12-29,52,2080,1783,1826
2012_us_singles,Modern Rock Tracks,2012-01-07,2012-12-29,52,2080,1911,1954
2012_us_singles,Hot 100 Recurrent Singles,2012-01-07,2012-12-29,52,1560,2050,2082
2012_us_singles,Adult Contemporary Recurrents,2012-01-07,2012-12-29,52,1040,2171,2193
2012_us_singles,Country Airplay,2012-10-20,2012-12-29,11,550,2244,2254
2012_us_singles,Disco Singles,2012-01-07,2012-12-29,52,2860,2367,2426
2012_us_singles,Disco 12 Inch Single Sales,2012-01-07,2012-12-29,52,520,2560,2571
2012_us_singles,Holiday Digital Song Sales,2012-01-07,2012-12-29,14,700,2635,2648
2012_us_singles,Songs Of Summer,2012-06-09,2012-09-15,15,150,2714,2717
2012_us_singles,On Demand Streaming,2012-03-24,2012-12-29,41,2050,2763,2803
2012_us_singles,Pop Digital Sales,2012-01-07,2012-12-29,52,1300,2883,2910
2012_us_singles,Country Digital Sales,2012-01-07,2012-12-29,52,2600,2997,3048
2012_us_singles,R&B Digital Song Sales,2012-11-10,2012-12-29,8,200,3139,3143
2012_us_singles,R&B Hip-Hop Digital Sales,2012-01-07,2012-12-29,52,2600,3240,3291
2012_us_singles,Hot R&B Songs,2012-10-20,2012-12-29,11,275,3396,3401
2012_us_singles,Rap Digital Sales,2012-01-07,2012-12-29,52,2600,3490,3541
2012_us_singles,Rock Digital Sales,2012-01-07,2012-12-29,52,2600,3679,3730
2012_us_singles,Hard Rock Digital Song Sales,2012-01-07,2012-12-29,52,1300,3856,3883
2012_us_singles,Alternative Digital Song Sales,2012-01-07,2012-12-29,52,1300,3969,3996
2012_us_singles,Country Recurrent Airplay,2012-01-07,2012-12-29,52,1040,4077,4099
2012_us_singles,Radio Songs,2012-01-07,2012-12-29,52,3900,4194,4273
2012_us_singles,Radio Songs Recurrents,2012-01-07,2012-12-29,52,1300,4405,4432
2012_us_singles,R&B Airplay,2012-01-07,2012-12-29,52,3774,4539,4616
2012_us_singles,R&B Radio Monitor Recurrent,2012-01-07,2012-12-29,52,1225,4751,4776
2012_us_singles,Top 40 Radio - Pop,2012-01-07,2012-12-29,52,2080,4882,4925
2012_us_singles,Top 40 Radio - Rhythmic,2012-01-07,2012-12-29,52,2080,5021,5064
2012_us_singles,Adult R&B Airplay,2012-01-07,2012-12-29,52,2080,5155,5198
2012_us_singles,Mainstream R&B Hip-Hop Airplay,2012-01-07,2012-12-29,52,2080,5291,5334
2012_us_singles,Mainstream Top 40 Recurrents,2012-01-07,2012-12-29,52,1040,5420,5442
2012_us_singles,Rap Airplay,2012-01-07,2012-12-29,52,1300,5513,5540
2012_us_singles,Hot Dance Airplay,2012-01-07,2012-12-29,52,1300,5620,5647
2012_us_singles,Rock Airplay,2012-01-07,2012-12-29,52,2600,5731,5782
2012_us_singles,Bubbling Under The Hot 100,2012-01-07,2012-12-29,52,1300,5927,5954
2012_us_singles,Bubbling Under The R&B Singles Chart,2012-01-07,2012-12-29,52,1135,6100,6124
2013_us_singles,Billboard Hot 100,2013-01-05,2013-12-28,52,5200,114,218
2013_us_singles,Country Singles Chart,2013-01-05,2013-12-28,52,3120,387,451
2013_us_singles,Rhythm And Blues Singles Chart,2013-01-05,2013-12-28,52,2600,587,638
2013_us_singles,Adult Contemporary,2013-01-05,2013-12-28,52,1560,742,774
2013_us_singles,Hot Rap Singles,2013-01-05,2013-12-28,52,1300,863,890
2013_us_singles,R&B Single Sales - Point Of Sale,2013-01-05,2013-11-30,48,480,968,978
2013_us_singles,Adult Pop Songs,2013-01-05,2013-12-28,52,2080,1047,1090
2013_us_singles,Adult Pop Songs - Recurrent,2013-01-05,2013-12-28,52,1040,1165,1187
2013_us_singles,Digital Song Sales,2013-01-05,2013-12-28,52,3785,1308,1385
2013_us_singles,Hot Rock Songs,2013-01-05,2013-12-28,52,2600,1556,1607
2013_us_singles,Mainstream Rock Tracks,2013-01-05,2013-12-28,52,2080,1718,1761
2013_us_singles,Modern Rock Tracks,2013-01-05,2013-12-28,52,2080,1843,1886
2013_us_singles,Hot 100 Recurrent Singles,2013-01-05,2013-12-28,52,1470,1979,2009
2013_us_singles,Adult Contemporary Recurrents,2013-01-05,2013-12-28,52,1040,2099,2121
2013_us_singles,Country Airplay,2013-01-05,2013-12-28,52,2600,2193,2244
2013_us_singles,Disco Singles,2013-01-05,2013-12-28,52,2860,2391,2450
2013_us_singles,Disco 12 Inch Single Sales,2013-01-05,2013-11-30,48,480,2586,2596
2013_us_singles,Holiday Digital Song Sales,2013-01-05,2013-12-28,12,600,2658,2669
2013_us_singles,Songs Of Summer,2013-06-15,2013-09-14,14,140,2734,2737
2013_us_singles,On Demand Streaming,2013-01-05,2013-12-28,52,2600,2795,2846
2013_us_singles,Pop Digital Sales,2013-01-05,2013-12-28,52,1300,2951,2978
2013_us_singles,Streaming Songs,2013-01-26,2013-12-28,49,2450,3075,3123
2013_us_singles,Country Digital Sales,2013-01-05,2013-12-28,52,2600,3228,3279
2013_us_singles,Country Streaming Songs,2013-04-20,2013-12-28,37,925,3376,3395
2013_us_singles,R&B Digital Song Sales,2013-01-05,2013-12-28,52,1300,3460,3487
2013_us_singles,R&B Streaming Songs,2013-04-20,2013-12-28,37,925,3560,3579
2013_us_singles,R&B Hip-Hop Digital Sales,2013-01-05,2013-12-28,52,2600,3687,3738
2013_us_singles,R&B Hip-Hop Streaming Songs,2013-04-20,2013-12-28,37,925,3856,3875
2013_us_singles,Hot R&B Songs,2013-01-05,2013-12-28,52,1300,3939,3966
2013_us_singles,Rap Digital Sales,2013-01-05,2013-12-28,52,2600,4082,4133
2013_us_singles,Rap Streaming Songs,2013-04-20,2013-12-28,37,925,4242,4261
2013_us_singles,Rock Digital Sales,2013-01-05,2013-12-28,52,2600,4348,4399
2013_us_singles,Rock Streaming Songs,2013-04-20,2013-12-28,37,925,4510,4529
2013_us_singles,Hard Rock Digital Song Sales,2013-01-05,2013-12-28,52,1300,4593,4620
2013_us_singles,Alternative Digital Song Sales,2013-01-05,2013-12-28,52,1300,4704,4731
2013_us_singles,Country Recurrent Airplay,2013-01-05,2013-12-28,52,1040,4816,4838
2013_us_singles,Radio Songs,2013-01-05,2013-12-28,52,3800,4933,5010
2013_us_singles,Radio Songs Recurrents,2013-01-05,2013-12-28,52,1300,5142,5169
2013_us_singles,R&B Airplay,2013-01-05,2013-12-28,52,2600,5273,5324
2013_us_singles,R&B Radio Monitor Recurrent,2013-01-05,2013-12-28,52,520,5418,5429
2013_us_singles,Top 40 Radio - Pop,2013-01-05,2013-12-28,52,2080,5501,5544
2013_us_singles,Top 40 Radio - Rhythmic,2013-01-05,2013-12-28,52,2080,5644,5687
2013_us_singles,Adult R&B Airplay,2013-01-05,2013-12-28,52,2040,5778,5820
2013_us_singles,Mainstream R&B Hip-Hop Airplay,2013-01-05,2013-12-28,52,2080,5914,5957
2013_us_singles,Mainstream Top 40 Recurrents,2013-01-05,2013-12-28,52,1040,6041,6063
2013_us_singles,Rap Airplay,2013-01-05,2013-12-28,52,1300,6135,6162
2013_us_singles,Hot Dance Airplay,2013-01-05,2013-12-28,52,1300,6246,6273
2013_us_singles,Rock Airplay,2013-01-05,2013-12-28,52,2600,6360,6411
2013_us_singles,Bubbling Under The Hot 100,2013-01-05,2013-12-28,52,1300,6556,6583
2013_us_singles,Bubbling Under The R&B Singles Chart,2013-01-05,2013-12-28,52,520,6713,6724
2014_us_singles,Billboard Hot 100,2014-01-04,2014-12-27,52,5200,106,209
2014_us_singles,Country Singles Chart,2014-01-04,2014-12-27,52,3120,377,441
2014_us_singles,Rhythm And Blues Singles Chart,2014-01-04,2014-12-27,52,2600,575,626
2014_us_singles,Adult Contemporary,2014-01-04,2014-12-27,52,1560,729,761
2014_us_singles,Hot Rap Singles,2014-01-04,2014-12-27,52,1300,849,876
2014_us_singles,Adult Pop Songs,2014-01-04,2014-12-27,52,2080,963,1006
2014_us_singles,Adult Pop Songs - Recurrent,2014-01-04,2014-12-27,52,1040,1080,1102
2014_us_singles,Digital Song Sales,2014-01-04,2014-12-27,52,2600,1205,1256
2014_us_singles,Hot Rock Songs,2014-01-04,2014-12-27,52,2600,1395,1446
2014_us_singles,Mainstream Rock Tracks,2014-01-04,2014-12-27,52,2080,1555,1598
2014_us_singles,Modern Rock Tracks,2014-01-04,2014-12-27,52,2080,1683,1726
2014_us_singles,Hot 100 Recurrent Singles,2014-01-04,2014-12-27,52,1300,1822,1849
2014_us_singles,Adult Contemporary Recurrents,2014-01-04,2014-12-27,52,1040,1933,1955
2014_us_singles,Country Airplay,2014-01-04,2014-12-27,52,2600,2024,2075
2014_us_singles,Disco Singles,2014-01-04,2014-12-27,52,2860,2225,2284
2014_us_singles,Holiday Digital Song Sales,2014-01-04,2014-12-27,12,600,2412,2423
2014_us_singles,Songs Of Summer,2014-06-14,2014-09-13,14,140,2485,2488
2014_us_singles,On Demand Streaming,2014-01-04,2014-12-27,52,2600,2544,2595
2014_us_singles,Pop Digital Sales,2014-01-04,2014-12-27,52,1300,2694,2721
2014_us_singles,Streaming Songs,2014-01-04,2014-12-27,52,2600,2820,2871
2014_us_singles,Country Digital Sales,2014-01-04,2014-12-27,52,2600,2986,3037
2014_us_singles,Country Streaming Songs,2014-01-04,2014-12-27,52,1300,3142,3169
2014_us_singles,R&B Digital Song Sales,2014-01-04,2014-12-27,52,1300,3247,3274
2014_us_singles,R&B Streaming Songs,2014-01-04,2014-12-27,52,1300,3351,3378
2014_us_singles,R&B Hip-Hop Digital Sales,2014-01-04,2014-12-27,52,2600,3489,3541
2014_us_singles,R&B Hip-Hop Streaming Songs,2014-01-04,2014-12-27,52,1300,3652,3679
2014_us_singles,Hot R&B Songs,2014-01-04,2014-12-27,52,1300,3748,3775
2014_us_singles,Rap Digital Sales,2014-01-04,2014-12-27,52,2600,3890,3942
2014_us_singles,Rap Streaming Songs,2014-01-04,2014-12-27,52,1300,4057,4084
2014_us_singles,Rock Digital Sales,2014-01-04,2014-12-27,52,2600,4184,4235
2014_us_singles,Rock Streaming Songs,2014-01-04,2014-12-27,52,1300,4354,4381
2014_us_singles,Hard Rock Digital Song Sales,2014-01-04,2014-12-27,52,1300,4451,4478
2014_us_singles,Alternative Digital Song Sales,2014-01-04,2014-12-27,52,1300,4568,4595
2014_us_singles,Country Recurrent Airplay,2014-01-04,2014-12-27,52,1040,4680,4702
2014_us_singles,Radio Songs,2014-01-04,2014-12-27,52,2600,4792,4843
2014_us_singles,Radio Songs Recurrents,2014-01-04,2014-12-27,52,1300,4952,4979
2014_us_singles,R&B Airplay,2014-01-04,2014-12-27,52,2600,5085,5136
2014_us_singles,R&B Radio Monitor Recurrent,2014-01-04,2014-12-27,52,520,5231,5242
2014_us_singles,Top 40 Radio - Pop,2014-01-04,2014-12-27,52,2080,5319,5362
2014_us_singles,Top 40 Radio - Rhythmic,2014-01-04,2014-12-27,52,2080,5466,5509
2014_us_singles,Adult R&B Airplay,2014-01-04,2014-12-27,52,1560,5594,5626
2014_us_singles,Mainstream R&B Hip-Hop Airplay,2014-01-04,2014-12-27,52,2080,5719,5762
2014_us_singles,Mainstream Top 40 Recurrents,2014-01-04,2014-12-27,52,1040,5846,5868
2014_us_singles,Rap Airplay,2014-01-04,2014-12-27,52,1300,5938,5965
2014_us_singles,Hot Dance Airplay,2014-01-04,2014-12-27,52,1360,6057,6085
2014_us_singles,Rock Airplay,2014-01-04,2014-12-27,52,2600,6174,6225
2014_us_singles,Bubbling Under The Hot 100,2014-01-04,2014-12-27,52,1300,6370,6397
2014_us_singles,Bubbling Under The R&B Singles Chart,2014-01-04,2014-12-27,52,520,6527,6538
2015_us_singles,Billboard Hot 100,2015-01-03,2015-12-26,52,5200,112,215
2015_us_singles,Country Singles Chart,2015-01-03,2015-12-26,52,3120,382,446
2015_us_singles,Rhythm And Blues Singles Chart,2015-01-03,2015-12-26,52,2600,581,632
2015_us_singles,Adult Contemporary,2015-01-03,2015-12-26,52,1560,742,774
2015_us_singles,Hot Rap Singles,2015-01-03,2015-12-26,52,1300,861,888
2015_us_singles,Adult Pop Songs,2015-01-03,2015-12-26,52,2080,978,1021
2015_us_singles,Adult Pop Songs - Recurrent,2015-01-03,2015-12-26,52,1040,1097,1119
2015_us_singles,Digital Song Sales,2015-01-03,2015-12-26,52,2600,1222,1273
2015_us_singles,Hot Rock Songs,2015-01-03,2015-12-26,52,2600,1414,1465
2015_us_singles,Mainstream Rock Tracks,2015-01-03,2015-12-26,52,2080,1580,1623
2015_us_singles,Modern Rock Tracks,2015-01-03,2015-12-26,52,2080,1708,1751
2015_us_singles,Hot 100 Recurrent Singles,2015-01-03,2015-12-26,52,1300,1848,1875
2015_us_singles,Adult Contemporary Recurrents,2015-01-03,2015-12-26,52,1040,1959,1981
2015_us_singles,Country Airplay,2015-01-03,2015-12-26,52,2600,2050,2101
2015_us_singles,Disco Singles,2015-01-03,2015-12-26,52,2860,2252,2311
2015_us_singles,Holiday Digital Song Sales,2015-01-03,2015-12-26,12,600,2435,2446
2015_us_singles,Songs Of Summer,2015-06-13,2015-09-19,15,300,2507,2513
2015_us_singles,On Demand Streaming,2015-01-03,2015-12-26,52,2600,2582,2633
2015_us_singles,Pop Digital Sales,2015-01-03,2015-12-26,52,1300,2742,2769
2015_us_singles,Streaming Songs,2015-01-03,2015-12-26,52,2600,2866,2917
2015_us_singles,Country Digital Sales,2015-01-03,2015-12-26,52,2600,3030,3081
2015_us_singles,Country Streaming Songs,2015-01-03,2015-12-26,52,1300,3190,3217
2015_us_singles,R&B Digital Song Sales,2015-01-03,2015-12-26,52,1300,3301,3328
2015_us_singles,R&B Streaming Songs,2015-01-03,2015-12-26,52,1300,3408,3435
2015_us_singles,R&B Hip-Hop Digital Sales,2015-01-03,2015-12-26,52,2600,3552,3603
2015_us_singles,R&B Hip-Hop Streaming Songs,2015-01-03,2015-12-26,52,1300,3723,3750
2015_us_singles,Hot R&B Songs,2015-01-03,2015-12-26,52,1300,3826,3853
2015_us_singles,Rap Digital Sales,2015-01-03,2015-12-26,52,2600,3975,4026
2015_us_singles,Rap Streaming Songs,2015-01-03,2015-12-26,52,1300,4145,4172
2015_us_singles,Rock Digital Sales,2015-01-03,2015-12-26,52,2600,4271,4322
2015_us_singles,Rock Streaming Songs,2015-01-03,2015-12-26,52,1300,4445,4472
2015_us_singles,Hard Rock Digital Song Sales,2015-01-03,2015-12-26,52,1300,4544,4571
2015_us_singles,Alternative Digital Song Sales,2015-01-03,2015-12-26,52,1300,4658,4685
2015_us_singles,Country Recurrent Airplay,2015-01-03,2015-12-26,52,1040,4776,4798
2015_us_singles,Radio Songs,2015-01-03,2015-12-26,52,2600,4884,4935
2015_us_singles,Radio Songs Recurrents,2015-01-03,2015-12-26,52,1300,5048,5075
2015_us_singles,R&B Airplay,2015-01-03,2015-12-26,52,2600,5182,5233
2015_us_singles,R&B Radio Monitor Recurrent,2015-01-03,2015-12-26,52,520,5331,5342
2015_us_singles,Top 40 Radio - Pop,2015-01-03,2015-12-26,52,2080,5419,5462
2015_us_singles,Top 40 Radio - Rhythmic,2015-01-03,2015-12-26,52,2080,5566,5609
2015_us_singles,Adult R&B Airplay,2015-01-03,2015-12-26,52,1560,5698,5730
2015_us_singles,Mainstream R&B Hip-Hop Airplay,2015-01-03,2015-12-26,52,2080,5824,5867
2015_us_singles,Mainstream Top 40 Recurrents,2015-01-03,2015-12-26,52,1040,5954,5976
2015_us_singles,Rap Airplay,2015-01-03,2015-12-26,52,1300,6048,6075
2015_us_singles,Hot Dance Airplay,2015-01-03,2015-12-26,52,2080,6176,6219
2015_us_singles,Rock Airplay,2015-01-03,2015-12-26,52,2600,6313,6364
2015_us_singles,Bubbling Under The Hot 100,2015-01-03,2015-12-26,52,1300,6511,6538
2015_us_singles,Bubbling Under The R&B Singles Chart,2015-01-03,2015-12-26,52,520,6669,6680
2016_us_singles,Billboard Hot 100,2016-01-02,2016-12-31,53,5300,116,221
2016_us_singles,Country Singles Chart,2016-01-02,2016-12-31,53,3180,400,465
2016_us_singles,Rhythm And Blues Singles Chart,2016-01-02,2016-12-31,53,2650,600,652
2016_us_singles,Adult Contemporary,2016-01-02,2016-12-31,53,1590,766,799
2016_us_singles,Hot Rap Singles,2016-01-02,2016-12-31,53,1325,892,920
2016_us_singles,Adult Pop Songs,2016-01-02,2016-12-31,53,2120,1013,1057
2016_us_singles,Adult Pop Songs - Recurrent,2016-01-02,2016-12-31,53,1060,1129,1151
2016_us_singles,Digital Song Sales,2016-01-02,2016-12-31,53,2650,1262,1314
2016_us_singles,Hot Rock Songs,2016-01-02,2016-12-31,53,2650,1474,1526
2016_us_singles,Mainstream Rock Tracks,2016-01-02,2016-12-31,53,2120,1649,1693
2016_us_singles,Modern Rock Tracks,2016-01-02,2016-12-31,53,2120,1783,1827
2016_us_singles,Hot 100 Recurrent Singles,2016-01-02,2016-12-31,53,1325,1919,1947
2016_us_singles,Adult Contemporary Recurrents,2016-01-02,2016-12-31,53,1060,2029,2051
2016_us_singles,Country Airplay,2016-01-02,2016-12-31,53,2650,2120,2172
2016_us_singles,Disco Singles,2016-01-02,2016-12-31,53,2915,2323,2383
2016_us_singles,Holiday Digital Song Sales,2016-01-02,2016-12-31,13,650,2512,2524
2016_us_singles,Songs Of Summer,2016-06-18,2016-09-17,14,280,2591,2596
2016_us_singles,On Demand Streaming,2016-01-02,2016-12-31,53,2650,2674,2726
2016_us_singles,Pop Digital Sales,2016-01-02,2016-12-31,53,1325,2840,2868
2016_us_singles,Streaming Songs,2016-01-02,2016-12-31,53,2650,2970,3022
2016_us_singles,Country Digital Sales,2016-01-02,2016-12-31,53,2525,3142,3192
2016_us_singles,Country Streaming Songs,2016-01-02,2016-12-31,53,1325,3297,3325
2016_us_singles,R&B Digital Song Sales,2016-01-02,2016-12-31,53,1325,3405,3433
2016_us_singles,R&B Streaming Songs,2016-01-02,2016-12-31,53,1325,3518,3546
2016_us_singles,R&B Hip-Hop Digital Sales,2016-01-02,2016-12-31,53,2525,3664,3714
2016_us_singles,R&B Hip-Hop Streaming Songs,2016-01-02,2016-12-31,53,1325,3841,3869
2016_us_singles,Hot R&B Songs,2016-01-02,2016-12-31,53,1325,3950,3978
2016_us_singles,Rap Digital Sales,2016-01-02,2016-12-31,53,2525,4103,4153
2016_us_singles,Rap Streaming Songs,2016-01-02,2016-12-31,53,1325,4277,4305
2016_us_singles,Rock Digital Sales,2016-01-02,2016-12-31,53,2525,4413,4463
2016_us_singles,Rock Streaming Songs,2016-01-02,2016-12-31,53,1325,4593,4621
2016_us_singles,Hard Rock Digital Song Sales,2016-01-02,2016-12-31,53,1325,4693,4721
2016_us_singles,Alternative Digital Song Sales,2016-01-02,2016-12-31,53,1325,4812,4840
2016_us_singles,Country Recurrent Airplay,2016-01-02,2016-12-31,53,1060,4933,4955
2016_us_singles,Radio Songs,2016-01-02,2016-12-31,53,2650,5040,5092
2016_us_singles,Radio Songs Recurrents,2016-01-02,2016-12-31,53,1325,5197,5225
2016_us_singles,R&B Airplay,2016-01-02,2016-12-31,53,2650,5329,5381
2016_us_singles,R&B Radio Monitor Recurrent,2016-01-02,2016-12-31,53,530,5480,5491
2016_us_singles,Top 40 Radio - Pop,2016-01-02,2016-12-31,53,2120,5569,5613
2016_us_singles,Top 40 Radio - Rhythmic,2016-01-02,2016-12-31,53,2120,5719,5763
2016_us_singles,Adult R&B Airplay,2016-01-02,2016-12-31,53,1590,5851,5884
2016_us_singles,Mainstream R&B Hip-Hop Airplay,2016-01-02,2016-12-31,53,2120,5975,6019
2016_us_singles,Mainstream Top 40 Recurrents,2016-01-02,2016-12-31,53,1060,6105,6127
2016_us_singles,Rap Airplay,2016-01-02,2016-12-31,53,1325,6199,6227
2016_us_singles,Hot Dance Airplay,2016-01-02,2016-12-31,53,2120,6328,6372
2016_us_singles,Rock Airplay,2016-01-02,2016-12-31,53,2650,6468,6520
2016_us_singles,Bubbling Under The Hot 100,2016-01-02,2016-12-31,53,1325,6666,6694
2016_us_singles,Bubbling Under The R&B Singles Chart,2016-01-02,2016-12-31,53,530,6822,6833
2017_us_singles,Billboard Hot 100,2017-01-07,2017-12-30,52,5200,126,230
2017_us_singles,Country Singles Chart,2017-01-07,2017-12-30,52,3120,406,470
2017_us_singles,Rhythm And Blues Singles Chart,2017-01-07,2017-12-30,52,2600,611,662
2017_us_singles,Adult Contemporary,2017-01-07,2017-12-30,52,1560,781,813
2017_us_singles,Hot Rap Singles,2017-01-07,2017-12-30,52,1300,902,929
2017_us_singles,Adult Pop Songs,2017-01-07,2017-12-30,52,2080,1024,1067
2017_us_singles,Adult Pop Songs - Recurrent,2017-01-07,2017-12-30,52,1040,1143,1165
2017_us_singles,Digital Song Sales,2017-01-07,2017-12-30,52,2600,1284,1336
2017_us_singles,Hot Rock Songs,2017-01-07,2017-12-30,52,2600,1502,1553
2017_us_singles,Mainstream Rock Tracks,2017-01-07,2017-12-30,52,2080,1682,1725
2017_us_singles,Modern Rock Tracks,2017-01-07,2017-12-30,52,2080,1811,1854
2017_us_singles,Hot 100 Recurrent Singles,2017-01-07,2017-12-30,52,1300,1950,1977
2017_us_singles,Adult Contemporary Recurrents,2017-01-07,2017-12-30,52,1040,2059,2081
2017_us_singles,Country Airplay,2017-01-07,2017-12-30,52,2600,2146,2197
2017_us_singles,Disco Singles,2017-01-07,2017-12-30,52,2860,2347,2406
2017_us_singles,Holiday Digital Song Sales,2017-01-07,2017-12-30,12,600,2534,2545
2017_us_singles,Songs Of Summer,2017-06-17,2017-09-16,14,280,2613,2618
2017_us_singles,On Demand Streaming,2017-01-07,2017-12-30,52,2600,2705,2756
2017_us_singles,Pop Digital Sales,2017-01-07,2017-12-30,52,1300,2895,2922
2017_us_singles,Streaming Songs,2017-01-07,2017-12-30,52,2600,3034,3085
2017_us_singles,Country Digital Sales,2017-01-07,2017-12-30,52,1300,3193,3220
2017_us_singles,Country Streaming Songs,2017-01-07,2017-12-30,52,1300,3296,3323
2017_us_singles,R&B Digital Song Sales,2017-01-07,2017-12-30,52,1300,3404,3431
2017_us_singles,R&B Streaming Songs,2017-01-07,2017-12-30,52,1300,3513,3540
2017_us_singles,R&B Hip-Hop Digital Sales,2017-01-07,2017-12-30,52,1300,3633,3660
2017_us_singles,R&B Hip-Hop Streaming Songs,2017-01-07,2017-12-30,52,1300,3754,3781
2017_us_singles,Hot R&B Songs,2017-01-07,2017-12-30,52,1300,3860,3887
2017_us_singles,Rap Digital Sales,2017-01-07,2017-12-30,52,1300,3993,4020
2017_us_singles,Rap Streaming Songs,2017-01-07,2017-12-30,52,1300,4118,4145
2017_us_singles,Rock Digital Sales,2017-01-07,2017-12-30,52,1300,4246,4273
2017_us_singles,Rock Streaming Songs,2017-01-07,2017-12-30,52,1300,4369,4396
2017_us_singles,Hard Rock Digital Song Sales,2017-01-07,2017-12-30,52,1300,4473,4500
2017_us_singles,Alternative Digital Song Sales,2017-01-07,2017-12-30,52,1300,4606,4633
2017_us_singles,Country Recurrent Airplay,2017-01-07,2017-12-30,52,1040,4728,4750
2017_us_singles,Radio Songs,2017-01-07,2017-12-30,52,2600,4835,4886
2017_us_singles,Radio Songs Recurrents,2017-01-07,2017-12-30,52,1300,4993,5020
2017_us_singles,R&B Airplay,2017-01-07,2017-12-30,52,2600,5125,5176
2017_us_singles,R&B Radio Monitor Recurrent,2017-01-07,2017-12-30,52,520,5273,5284
2017_us_singles,Top 40 Radio - Pop,2017-01-07,2017-12-30,52,2080,5363,5406
2017_us_singles,Top 40 Radio - Rhythmic,2017-01-07,2017-12-30,52,2080,5512,5555
2017_us_singles,Adult R&B Airplay,2017-01-07,2017-12-30,52,1560,5641,5673
2017_us_singles,Mainstream R&B Hip-Hop Airplay,2017-01-07,2017-12-30,52,2080,5766,5809
2017_us_singles,Mainstream Top 40 Recurrents,2017-01-07,2017-12-30,52,1040,5898,5920
2017_us_singles,Rap Airplay,2017-01-07,2017-12-30,52,1300,5990,6017
2017_us_singles,Hot Dance Airplay,2017-01-07,2017-12-30,52,2080,6126,6169
2017_us_singles,Rock Airplay,2017-01-07,2017-12-30,52,2600,6266,6317
2017_us_singles,Bubbling Under The Hot 100,2017-01-07,2017-12-30,52,1300,6479,6506
2017_us_singles,Bubbling Under The R&B Singles Chart,2017-01-07,2017-12-30,52,520,6647,6658
2018_us_singles,Billboard Hot 100,2018-01-03,2018-12-29,53,5300,139,244
2018_us_singles,Country Singles Chart,2018-01-03,2018-12-29,53,3180,445,510
2018_us_singles,Rhythm And Blues Singles Chart,2018-01-03,2018-12-29,53,2650,662,714
2018_us_singles,Adult Contemporary,2018-01-03,2018-12-29,53,1590,851,884
2018_us_singles,Hot Rap Singles,2018-01-03,2018-12-29,53,1325,981,1009
2018_us_singles,Adult Pop Songs,2018-01-03,2018-12-29,53,2120,1113,1157
2018_us_singles,Adult Pop Songs - Recurrent,2018-01-03,2018-12-29,53,1060,1232,1254
2018_us_singles,Digital Song Sales,2018-01-03,2018-12-29,53,2650,1382,1435
2018_us_singles,Hot Rock Songs,2018-01-03,2018-12-29,53,2650,1614,1666
2018_us_singles,Mainstream Rock Tracks,2018-01-03,2018-12-29,53,2120,1795,1839
2018_us_singles,Modern Rock Tracks,2018-01-03,2018-12-29,53,2120,1930,1974
2018_us_singles,Hot 100 Recurrent Singles,2018-01-03,2018-12-29,53,1325,2070,2098
2018_us_singles,Adult Contemporary Recurrents,2018-01-03,2018-12-29,53,1060,2182,2204
2018_us_singles,Country Airplay,2018-01-03,2018-12-29,53,2650,2267,2319
2018_us_singles,Disco Singles,2018-01-03,2018-12-29,53,2915,2470,2530
2018_us_singles,Holiday Digital Song Sales,2018-01-03,2018-12-29,13,650,2660,2672
2018_us_singles,Songs Of Summer,2018-06-09,2018-09-08,14,280,2740,2745
2018_us_singles,On Demand Streaming,2018-01-03,2018-12-29,53,2650,2854,2906
2018_us_singles,Pop Digital Sales,2018-01-03,2018-12-29,53,1325,3072,3100
2018_us_singles,Streaming Songs,2018-01-03,2018-12-29,53,2650,3230,3282
2018_us_singles,Country Digital Sales,2018-01-03,2018-12-29,53,1325,3418,3446
2018_us_singles,Country Streaming Songs,2018-01-03,2018-12-29,53,1325,3524,3552
2018_us_singles,R&B Digital Song Sales,2018-01-03,2018-12-29,53,1325,3644,3672
2018_us_singles,R&B Streaming Songs,2018-01-03,2018-12-29,53,1325,3774,3802
2018_us_singles,R&B Hip-Hop Digital Sales,2018-01-03,2018-12-29,53,1325,3913,3941
2018_us_singles,R&B Hip-Hop Streaming Songs,2018-01-03,2018-12-29,53,1325,4056,4084
2018_us_singles,Hot R&B Songs,2018-01-03,2018-12-29,53,1325,4186,4214
2018_us_singles,Rap Digital Sales,2018-01-03,2018-12-29,53,1325,4324,4352
2018_us_singles,Rap Streaming Songs,2018-01-03,2018-12-29,53,1325,4460,4488
2018_us_singles,Rock Digital Sales,2018-01-03,2018-12-29,53,1325,4591,4619
2018_us_singles,Rock Streaming Songs,2018-01-03,2018-12-29,53,1325,4707,4735
2018_us_singles,Hard Rock Digital Song Sales,2018-01-03,2018-12-29,53,1325,4807,4835
2018_us_singles,Alternative Digital Song Sales,2018-01-03,2018-12-29,53,1325,4927,4955
2018_us_singles,Country Recurrent Airplay,2018-01-03,2018-12-29,53,1060,5048,5070
2018_us_singles,Radio Songs,2018-01-03,2018-12-29,53,2650,5158,5210
2018_us_singles,Radio Songs Recurrents,2018-01-03,2018-12-29,53,1325,5318,5346
2018_us_singles,R&B Airplay,2018-01-03,2018-12-29,53,2650,5450,5502
2018_us_singles,R&B Radio Monitor Recurrent,2018-01-03,2018-12-29,53,530,5597,5608
2018_us_singles,Top 40 Radio - Pop,2018-01-03,2018-12-29,53,2120,5687,5731
2018_us_singles,Top 40 Radio - Rhythmic,2018-01-03,2018-12-29,53,2120,5840,5884
2018_us_singles,Adult R&B Airplay,2018-01-03,2018-12-29,53,1590,5971,6004
2018_us_singles,Mainstream R&B Hip-Hop Airplay,2018-01-03,2018-12-29,53,2120,6100,6144
2018_us_singles,Mainstream Top 40 Recurrents,2018-01-03,2018-12-29,53,1060,6234,6256
2018_us_singles,Rap Airplay,2018-01-03,2018-12-29,53,1325,6332,6360
2018_us_singles,Hot Dance Airplay,2018-01-03,2018-12-29,53,2120,6469,6513
2018_us_singles,Rock Airplay,2018-01-03,2018-12-29,53,2650,6612,6664
2018_us_singles,Bubbling Under The Hot 100,2018-01-03,2018-12-29,53,1325,6835,6863
2018_us_singles,Bubbling Under The R&B Singles Chart,2018-01-03,2018-12-29,53,530,7011,7022
2019_us_singles,Billboard Hot 100,2019-01-05,2019-12-28,52,5200,137,240
2019_us_singles,Country Singles Chart,2019-01-05,2019-12-28,52,3120,428,492
2019_us_singles,Rhythm And Blues Singles Chart,2019-01-05,2019-12-28,52,2600,637,688
2019_us_singles,Adult Contemporary,2019-01-05,2019-12-28,52,1560,807,839
2019_us_singles,Hot Rap Singles,2019-01-05,2019-12-28,52,1300,927,954
2019_us_singles,Adult Pop Songs,2019-01-05,2019-12-28,52,2080,1050,1093
2019_us_singles,Adult Pop Songs - Recurrent,2019-01-05,2019-11-23,47,940,1171,1191
2019_us_singles,Digital Song Sales,2019-01-05,2019-12-28,52,2600,1325,1377
2019_us_singles,Hot Rock Songs,2019-01-05,2019-12-28,52,2600,1573,1624
2019_us_singles,Mainstream Rock Tracks,2019-01-05,2019-12-28,52,2080,1767,1810
2019_us_singles,Modern Rock Tracks,2019-01-05,2019-12-28,52,2080,1899,1942
2019_us_singles,Hot 100 Recurrent Singles,2019-01-05,2019-12-28,52,1300,2032,2059
2019_us_singles,Adult Contemporary Recurrents,2019-01-05,2019-11-23,47,940,2141,2161
2019_us_singles,Country Airplay,2019-01-05,2019-12-28,52,2600,2230,2282
2019_us_singles,Disco Singles,2019-01-05,2019-12-28,52,2860,2435,2494
2019_us_singles,Holiday Digital Song Sales,2019-01-05,2019-12-28,12,600,2626,2637
2019_us_singles,Songs Of Summer,2019-06-08,2019-09-07,14,280,2709,2714
2019_us_singles,On Demand Streaming,2019-01-05,2019-12-28,52,2450,2814,2863
2019_us_singles,Pop Digital Sales,2019-01-05,2019-11-23,47,1175,3014,3038
2019_us_singles,Streaming Songs,2019-01-05,2019-12-28,52,2600,3166,3217
2019_us_singles,Country Digital Sales,2019-01-05,2019-12-28,52,1300,3348,3375
2019_us_singles,Country Streaming Songs,2019-01-05,2019-12-28,52,1300,3455,3482
2019_us_singles,R&B Digital Song Sales,2019-01-05,2019-12-28,52,1236,3578,3604
2019_us_singles,R&B Streaming Songs,2019-01-05,2019-12-28,52,1235,3712,3738
2019_us_singles,R&B Hip-Hop Digital Sales,2019-01-05,2019-12-28,52,1300,3852,3879
2019_us_singles,R&B Hip-Hop Streaming Songs,2019-01-05,2019-12-28,52,1300,3988,4015
2019_us_singles,Hot R&B Songs,2019-01-05,2019-12-28,52,1300,4110,4137
2019_us_singles,Rap Digital Sales,2019-01-05,2019-12-28,52,1240,4242,4268
2019_us_singles,Rap Streaming Songs,2019-01-05,2019-12-28,52,1240,4370,4396
2019_us_singles,Rock Digital Sales,2019-01-05,2019-12-28,52,1300,4504,4531
2019_us_singles,Rock Streaming Songs,2019-01-05,2019-12-28,52,1300,4626,4653
2019_us_singles,Hard Rock Digital Song Sales,2019-01-05,2019-12-28,52,1300,4728,4755
2019_us_singles,Alternative Digital Song Sales,2019-01-05,2019-12-28,52,1300,4849,4876
2019_us_singles,Country Recurrent Airplay,2019-01-05,2019-11-23,47,940,4968,4988
2019_us_singles,Radio Songs,2019-01-05,2019-12-28,52,2600,5074,5125
2019_us_singles,Radio Songs Recurrents,2019-01-05,2019-11-23,47,1173,5226,5250
2019_us_singles,R&B Airplay,2019-01-05,2019-12-28,52,2600,5350,5401
2019_us_singles,R&B Radio Monitor Recurrent,2019-01-05,2019-12-28,52,520,5500,5511
2019_us_singles,Top 40 Radio - Pop,2019-01-05,2019-12-28,52,2080,5591,5634
2019_us_singles,Top 40 Radio - Rhythmic,2019-01-05,2019-12-28,52,2080,5746,5789
2019_us_singles,Adult R&B Airplay,2019-01-05,2019-12-28,52,1560,5879,5911
2019_us_singles,Mainstream R&B Hip-Hop Airplay,2019-01-05,2019-12-28,52,2080,6008,6051
2019_us_singles,Mainstream Top 40 Recurrents,2019-01-05,2019-12-28,52,1040,6137,6159
2019_us_singles,Rap Airplay,2019-01-05,2019-12-28,52,1300,6234,6261
2019_us_singles,Hot Dance Airplay,2019-01-05,2019-12-28,52,2080,6375,6418
2019_us_singles,Rock Airplay,2019-01-05,2019-12-28,52,2600,6522,6573
2019_us_singles,Bubbling Under The Hot 100,2019-01-05,2019-12-28,52,1300,6737,6764
2019_us_singles,Bubbling Under The R&B Singles Chart,2019-01-05,2019-12-28,52,520,6913,6924
2020_us_singles,Billboard Hot 100,2020-01-04,2020-12-26,52,5200,149,252
2020_us_singles,Country Singles Chart,2020-01-04,2020-12-26,52,3120,474,538
2020_us_singles,Rhythm And Blues Singles Chart,2020-01-04,2020-12-26,52,2600,691,742
2020_us_singles,Adult Contemporary,2020-01-04,2020-12-26,52,1560,884,916
2020_us_singles,Hot Rap Singles,2020-01-04,2020-12-26,52,1300,1012,1039
2020_us_singles,Adult Pop Songs,2020-01-04,2020-12-26,52,2080,1143,1186
2020_us_singles,Digital Song Sales,2020-01-04,2020-12-26,52,2600,1350,1401
2020_us_singles,Hot Rock Songs,2020-01-04,2020-12-26,52,2600,1615,1666
2020_us_singles,Mainstream Rock Tracks,2020-01-04,2020-12-26,52,2080,1806,1849
2020_us_singles,Modern Rock Tracks,2020-01-04,2020-12-26,52,2080,1935,1978
2020_us_singles,Hot 100 Recurrent Singles,2020-01-04,2020-12-26,52,1300,2072,2099
2020_us_singles,Country Airplay,2020-01-04,2020-12-26,52,2600,2197,2248
2020_us_singles,Disco Singles,2020-01-04,2020-03-28,13,715,2352,2366
2020_us_singles,Holiday Digital Song Sales,2020-01-04,2020-12-26,14,700,2457,2470
2020_us_singles,Songs Of Summer,2020-06-06,2020-09-12,15,300,2555,2561
2020_us_singles,On Demand Streaming,2020-01-04,2020-08-08,32,800,2634,2650
2020_us_singles,Streaming Songs,2020-01-04,2020-12-26,52,2600,2796,2847
2020_us_singles,Country Digital Sales,2020-01-04,2020-12-26,52,1300,3014,3041
2020_us_singles,Country Streaming Songs,2020-01-04,2020-12-26,52,1300,3133,3160
2020_us_singles,R&B Digital Song Sales,2020-01-04,2020-12-26,52,780,3248,3264
2020_us_singles,R&B Streaming Songs,2020-01-04,2020-12-26,52,780,3347,3363
2020_us_singles,R&B Hip-Hop Digital Sales,2020-01-04,2020-12-26,52,1300,3479,3506
2020_us_singles,R&B Hip-Hop Streaming Songs,2020-01-04,2020-12-26,52,1300,3636,3663
2020_us_singles,Hot R&B Songs,2020-01-04,2020-12-26,52,1300,3775,3802
2020_us_singles,Rap Digital Sales,2020-01-04,2020-12-26,52,780,3914,3931
2020_us_singles,Rap Streaming Songs,2020-01-04,2020-12-26,52,780,4020,4036
2020_us_singles,Rock Digital Sales,2020-01-04,2020-12-26,52,1300,4151,4178
2020_us_singles,Rock Streaming Songs,2020-01-04,2020-12-26,52,1300,4300,4327
2020_us_singles,Hard Rock Digital Song Sales,2020-01-04,2020-12-26,52,1300,4416,4443
2020_us_singles,Hard Rock Streaming Songs,2020-06-13,2020-12-26,29,725,4522,4537
2020_us_singles,Hot Alternative Songs,2020-06-13,2020-12-26,29,725,4584,4599
2020_us_singles,Alternative Digital Song Sales,2020-01-04,2020-12-26,52,1300,4690,4717
2020_us_singles,Alternative Streaming Songs,2020-06-13,2020-12-26,29,725,4810,4825
2020_us_singles,Hot Hard Rock Songs,2020-06-13,2020-12-26,29,725,4882,4897
2020_us_singles,Radio Songs,2020-01-04,2020-12-26,52,2600,4986,5037
2020_us_singles,R&B Airplay,2020-01-04,2020-12-26,52,2600,5156,5207
2020_us_singles,R&B Radio Monitor Recurrent,2020-01-04,2020-08-08,32,320,5298,5305
2020_us_singles,Top 40 Radio - Pop,2020-01-04,2020-12-26,52,2080,5377,5420
2020_us_singles,Top 40 Radio - Rhythmic,2020-01-04,2020-12-26,52,2080,5526,5569
2020_us_singles,Adult R&B Airplay,2020-01-04,2020-12-26,52,1560,5659,5691
2020_us_singles,Mainstream R&B Hip-Hop Airplay,2020-01-04,2020-12-26,52,2080,5783,5826
2020_us_singles,Mainstream Top 40 Recurrents,2020-01-04,2020-12-26,52,1040,5906,5928
2020_us_singles,Rap Airplay,2020-01-04,2020-12-26,52,1300,5996,6023
2020_us_singles,Hot Dance Airplay,2020-01-04,2020-12-26,52,2080,6134,6177
2020_us_singles,Rock Airplay,2020-01-04,2020-12-26,52,2600,6282,6333
2020_us_singles,Bubbling Under The Hot 100,2020-01-04,2020-12-26,52,1300,6500,6527
2020_us_singles,Bubbling Under The R&B Singles Chart,2020-01-04,2020-01-11,2,20,6624,6624
2021_us_singles,Billboard Hot 100,2021-01-02,2021-12-25,52,5200,158,261
2021_us_singles,Country Singles Chart,2021-01-02,2021-12-25,52,3120,476,540
2021_us_singles,Rhythm And Blues Singles Chart,2021-01-02,2021-12-25,52,2600,706,757
2021_us_singles,Adult Contemporary,2021-01-02,2021-12-25,52,1560,904,936
2021_us_singles,Hot Rap Singles,2021-01-02,2021-12-25,52,1300,1047,1074
2021_us_singles,Adult Pop Songs,2021-01-02,2021-12-25,52,2080,1184,1227
2021_us_singles,Digital Song Sales,2021-01-02,2021-12-25,52,2600,1395,1447
2021_us_singles,Hot Rock Songs,2021-01-02,2021-12-25,52,2600,1675,1726
2021_us_singles,Mainstream Rock Tracks,2021-01-02,2021-12-25,52,2080,1864,1907
2021_us_singles,Modern Rock Tracks,2021-01-02,2021-12-25,52,2080,2002,2045
2021_us_singles,Hot 100 Recurrent Singles,2021-01-02,2021-12-25,52,1300,2139,2166
2021_us_singles,Country Airplay,2021-01-02,2021-12-25,52,2600,2266,2317
2021_us_singles,Holiday Digital Song Sales,2021-01-02,2021-12-25,6,300,2411,2416
2021_us_singles,Songs Of Summer,2021-06-26,2021-09-11,12,240,2479,2484
2021_us_singles,Streaming Songs,2021-01-02,2021-12-25,52,2600,2597,2648
2021_us_singles,Country Digital Sales,2021-01-02,2021-12-25,52,1300,2811,2838
2021_us_singles,Country Streaming Songs,2021-01-02,2021-12-25,52,1300,2936,2963
2021_us_singles,R&B Digital Song Sales,2021-01-02,2021-12-25,52,780,3058,3074
2021_us_singles,R&B Streaming Songs,2021-01-02,2021-12-25,52,780,3153,3169
2021_us_singles,R&B Hip-Hop Digital Sales,2021-01-02,2021-12-25,52,1300,3295,3322
2021_us_singles,R&B Hip-Hop Streaming Songs,2021-01-02,2021-12-25,52,1300,3475,3502
2021_us_singles,Hot R&B Songs,2021-01-02,2021-12-25,52,1300,3616,3643
2021_us_singles,Rap Digital Sales,2021-01-02,2021-12-25,52,780,3762,3778
2021_us_singles,Rap Streaming Songs,2021-01-02,2021-12-25,52,780,3881,3897
2021_us_singles,Rock Digital Sales,2021-01-02,2021-12-25,52,1300,4011,4038
2021_us_singles,Rock Streaming Songs,2021-01-02,2021-12-25,52,1300,4152,4179
2021_us_singles,Hard Rock Digital Song Sales,2021-01-02,2021-12-25,52,1300,4274,4301
2021_us_singles,Hard Rock Streaming Songs,2021-01-02,2021-12-25,52,1300,4387,4414
2021_us_singles,Hot Alternative Songs,2021-01-02,2021-12-25,52,1300,4473,4500
2021_us_singles,Alternative Digital Song Sales,2021-01-02,2021-12-25,52,1300,4611,4638
2021_us_singles,Alternative Streaming Songs,2021-01-02,2021-12-25,52,1300,4736,4763
2021_us_singles,Hot Hard Rock Songs,2021-01-02,2021-12-25,52,1300,4846,4873
2021_us_singles,Radio Songs,2021-01-02,2021-12-25,52,2600,4980,5031
2021_us_singles,R&B Airplay,2021-01-02,2021-12-25,52,2600,5151,5202
2021_us_singles,Top 40 Radio - Pop,2021-01-02,2021-12-25,52,2080,5313,5356
2021_us_singles,Top 40 Radio - Rhythmic,2021-01-02,2021-12-25,52,2080,5460,5503
2021_us_singles,Adult R&B Airplay,2021-01-02,2021-12-25,52,1560,5593,5625
2021_us_singles,Mainstream R&B Hip-Hop Airplay,2021-01-02,2021-12-25,52,2080,5724,5767
2021_us_singles,Mainstream Top 40 Recurrents,2021-01-02,2021-12-25,52,980,5851,5872
2021_us_singles,Rap Airplay,2021-01-02,2021-12-25,52,1300,5944,5971
2021_us_singles,Hot Dance Airplay,2021-01-02,2021-12-25,52,2080,6080,6123
2021_us_singles,Rock Airplay,2021-01-02,2021-12-25,52,2600,6229,6280
2021_us_singles,Bubbling Under The Hot 100,2021-01-02,2021-12-25,52,1300,6452,6479
2022_us_singles,Billboard Hot 100,2022-01-01,2022-12-31,53,5300,155,261
2022_us_singles,Country Singles Chart,2022-01-01,2022-12-31,53,3180,482,547
2022_us_singles,Rhythm And Blues Singles Chart,2022-01-01,2022-12-31,53,2650,721,773
2022_us_singles,Adult Contemporary,2022-01-01,2022-12-31,53,1590,931,964
2022_us_singles,Hot Rap Singles,2022-01-01,2022-12-31,53,1325,1078,1106
2022_us_singles,Adult Pop Songs,2022-01-01,2022-12-31,53,2120,1220,1264
2022_us_singles,Digital Song Sales,2022-01-01,2022-12-31,53,2650,1438,1491
2022_us_singles,Hot Rock & Alternative Songs,2022-01-01,2022-12-31,53,2650,1721,1773
2022_us_singles,Hot Rock Songs,2022-06-25,2022-12-31,28,700,1877,1891
2022_us_singles,Mainstream Rock Tracks,2022-01-01,2022-12-31,53,2120,1967,2011
2022_us_singles,Modern Rock Tracks,2022-01-01,2022-12-31,53,2120,2101,2145
2022_us_singles,Hot 100 Recurrent Singles,2022-01-01,2022-12-31,53,1325,2245,2273
2022_us_singles,Country Airplay,2022-01-01,2022-12-31,53,2650,2374,2426
2022_us_singles,Holiday Digital Song Sales,2022-01-01,2022-12-31,8,400,2514,2521
2022_us_singles,Songs Of Summer,2022-06-11,2022-09-10,14,280,2593,2598
2022_us_singles,Streaming Songs,2022-01-01,2022-12-31,53,2650,2719,2772
2022_us_singles,Country Digital Sales,2022-01-01,2022-12-31,53,1325,2946,2974
2022_us_singles,Country Streaming Songs,2022-01-01,2022-12-31,53,1325,3068,3096
2022_us_singles,R&B Digital Song Sales,2022-01-01,2022-12-31,53,795,3185,3202
2022_us_singles,R&B Streaming Songs,2022-01-01,2022-12-31,53,795,3283,3300
2022_us_singles,R&B Hip-Hop Digital Sales,2022-01-01,2022-12-31,53,1325,3426,3454
2022_us_singles,R&B Hip-Hop Streaming Songs,2022-01-01,2022-12-31,53,1325,3609,3637
2022_us_singles,Hot R&B Songs,2022-01-01,2022-12-31,53,1325,3762,3790
2022_us_singles,Rap Digital Sales,2022-01-01,2022-12-31,53,795,3911,3928
2022_us_singles,Rap Streaming Songs,2022-01-01,2022-12-31,53,795,4034,4051
2022_us_singles,Rock Digital Sales,2022-01-01,2022-12-31,53,1325,4173,4201
2022_us_singles,Rock Streaming Songs,2022-01-01,2022-12-31,53,1325,4325,4353
2022_us_singles,Hard Rock Digital Song Sales,2022-01-01,2022-12-31,53,1325,4448,4476
2022_us_singles,Hard Rock Streaming Songs,2022-01-01,2022-12-31,53,1325,4566,4594
2022_us_singles,Hot Alternative Songs,2022-01-01,2022-12-31,53,1325,4658,4686
2022_us_singles,Alternative Digital Song Sales,2022-01-01,2022-12-31,53,1325,4800,4828
2022_us_singles,Alternative Streaming Songs,2022-01-01,2022-12-31,53,1325,4934,4962
2022_us_singles,Hot Hard Rock Songs,2022-01-01,2022-12-31,53,1325,5042,5070
2022_us_singles,Radio Songs,2022-01-01,2022-12-31,53,2650,5174,5226
2022_us_singles,R&B Airplay,2022-01-01,2022-12-31,53,2650,5353,5405
2022_us_singles,Top 40 Radio - Pop,2022-01-01,2022-12-31,53,2120,5519,5563
2022_us_singles,Top 40 Radio - Rhythmic,2022-01-01,2022-12-31,53,2120,5671,5715
2022_us_singles,Adult R&B Airplay,2022-01-01,2022-12-31,53,1590,5805,5838
2022_us_singles,Mainstream R&B Hip-Hop Airplay,2022-01-01,2022-12-31,53,2120,5936,5980
2022_us_singles,Mainstream Top 40 Recurrents,2022-01-01,2022-12-31,53,530,6062,6073
2022_us_singles,Rap Airplay,2022-01-01,2022-12-31,53,1325,6139,6167
2022_us_singles,Hot Dance Airplay,2022-01-01,2022-12-31,53,2120,6275,6319
2022_us_singles,Rock Airplay,2022-01-01,2022-12-31,53,2650,6424,6476
2022_us_singles,Bubbling Under The Hot 100,2022-01-01,2022-12-31,53,1325,6640,6668
2023_us_singles,Billboard Hot 100,2023-01-07,2023-12-30,52,5200,152,255
2023_us_singles,Country Singles Chart,2023-01-07,2023-12-30,52,3120,478,542
2023_us_singles,Rhythm And Blues Singles Chart,2023-01-07,2023-12-30,52,2600,704,755
2023_us_singles,Adult Contemporary,2023-01-07,2023-12-30,52,1560,890,922
2023_us_singles,Hot Rap Singles,2023-01-07,2023-12-30,52,1300,1031,1058
2023_us_singles,Adult Pop Songs,2023-01-07,2023-12-30,52,2080,1163,1206
2023_us_singles,Digital Song Sales,2023-01-07,2023-12-30,52,2350,1369,1416
2023_us_singles,Hot Rock & Alternative Songs,2023-01-07,2023-12-30,52,2600,1636,1688
2023_us_singles,Hot Rock Songs,2023-01-07,2023-12-30,52,1300,1811,1838
2023_us_singles,Mainstream Rock Tracks,2023-01-07,2023-12-30,52,2080,1932,1975
2023_us_singles,Modern Rock Tracks,2023-01-07,2023-12-30,52,2080,2065,2108
2023_us_singles,Hot 100 Recurrent Singles,2023-01-07,2023-05-20,20,500,2182,2192
2023_us_singles,Country Airplay,2023-01-07,2023-12-30,52,2600,2274,2325
2023_us_singles,Holiday Digital Song Sales,2023-01-07,2023-12-30,6,175,2418,2421
2023_us_singles,Songs Of Summer,2023-06-10,2023-09-09,14,280,2484,2489
2023_us_singles,Streaming Songs,2023-01-07,2023-12-30,52,2600,2599,2650
2023_us_singles,Country Digital Sales,2023-01-07,2023-12-30,52,1200,2808,2833
2023_us_singles,Country Streaming Songs,2023-01-07,2023-12-30,52,1300,2925,2952
2023_us_singles,R&B Digital Song Sales,2023-01-07,2023-12-30,52,730,3046,3061
2023_us_singles,R&B Streaming Songs,2023-01-07,2023-12-30,52,780,3132,3148
2023_us_singles,R&B Hip-Hop Digital Sales,2023-01-07,2023-12-30,52,1200,3266,3291
2023_us_singles,R&B Hip-Hop Streaming Songs,2023-01-07,2023-12-30,52,1300,3428,3455
2023_us_singles,Hot R&B Songs,2023-01-07,2023-12-30,52,1300,3557,3584
2023_us_singles,Rap Digital Sales,2023-01-07,2023-12-30,52,730,3703,3718
2023_us_singles,Rap Streaming Songs,2023-01-07,2023-12-30,52,780,3815,3831
2023_us_singles,Rock Digital Sales,2023-01-07,2023-12-30,52,1200,3946,3971
2023_us_singles,Rock Streaming Songs,2023-01-07,2023-12-30,52,1300,4091,4118
2023_us_singles,Hard Rock Digital Song Sales,2023-01-07,2023-12-30,52,1150,4215,4239
2023_us_singles,Hard Rock Streaming Songs,2023-01-07,2023-12-30,52,1300,4322,4349
2023_us_singles,Hot Alternative Songs,2023-01-07,2023-12-30,52,1300,4421,4448
2023_us_singles,Alternative Digital Song Sales,2023-01-07,2023-12-30,52,1150,4570,4594
2023_us_singles,Alternative Streaming Songs,2023-01-07,2023-12-30,52,1300,4707,4734
2023_us_singles,Hot Hard Rock Songs,2023-01-07,2023-12-30,52,1300,4810,4837
2023_us_singles,Radio Songs,2023-01-07,2023-12-30,52,2600,4937,4988
2023_us_singles,R&B Airplay,2023-01-07,2023-12-30,52,2600,5112,5163
2023_us_singles,Top 40 Radio - Pop,2023-01-07,2023-12-30,52,2080,5273,5316
2023_us_singles,Top 40 Radio - Rhythmic,2023-01-07,2023-12-30,52,2080,5423,5466
2023_us_singles,Adult R&B Airplay,2023-01-07,2023-12-30,52,1560,5556,5588
2023_us_singles,Mainstream R&B Hip-Hop Airplay,2023-01-07,2023-12-30,52,2080,5687,5730
2023_us_singles,Mainstream Top 40 Recurrents,2023-01-07,2023-12-30,52,520,5810,5821
2023_us_singles,Rap Airplay,2023-01-07,2023-12-30,52,1300,5886,5913
2023_us_singles,Hot Dance Airplay,2023-01-07,2023-12-30,52,2080,6026,6069
2023_us_singles,Rock Airplay,2023-01-07,2023-12-30,52,2600,6172,6223
2023_us_singles,Bubbling Under The Hot 100,2023-01-07,2023-12-30,52,1300,6387,6414
2024_us_singles,Billboard Hot 100,2024-01-06,2024-12-28,52,5200,144,248
2024_us_singles,Country Singles Chart,2024-01-06,2024-12-28,52,3120,469,533
2024_us_singles,Rhythm And Blues Singles Chart,2024-01-06,2024-12-28,52,2600,690,741
2024_us_singles,Adult Contemporary,2024-01-06,2024-12-28,52,1560,877,909
2024_us_singles,Hot Rap Singles,2024-01-06,2024-12-28,52,1300,1010,1037
2024_us_singles,Adult Pop Songs,2024-01-06,2024-12-28,52,2080,1144,1187
2024_us_singles,Digital Song Sales,2024-01-06,2024-12-28,52,1300,1310,1337
2024_us_singles,Hot Rock & Alternative Songs,2024-01-06,2024-12-28,52,2600,1479,1530
2024_us_singles,Hot Rock Songs,2024-01-06,2024-12-28,52,1300,1642,1669
2024_us_singles,Mainstream Rock Tracks,2024-01-06,2024-12-28,52,2080,1762,1805
2024_us_singles,Modern Rock Tracks,2024-01-06,2024-12-28,52,2080,1894,1937
2024_us_singles,Country Airplay,2024-01-06,2024-12-28,52,2600,2032,2083
2024_us_singles,Holiday Digital Song Sales,2024-01-06,2024-12-28,5,125,2175,2177
2024_us_singles,Songs Of Summer,2024-06-08,2024-09-07,14,280,2230,2235
2024_us_singles,Streaming Songs,2024-01-06,2024-12-28,52,2600,2345,2396
2024_us_singles,Country Digital Sales,2024-01-06,2024-12-28,52,780,2546,2562
2024_us_singles,Country Streaming Songs,2024-01-06,2024-12-28,52,1300,2640,2667
2024_us_singles,R&B Digital Song Sales,2024-01-06,2024-12-28,52,520,2747,2758
2024_us_singles,R&B Streaming Songs,2024-01-06,2024-12-28,52,780,2816,2832
2024_us_singles,R&B Hip-Hop Digital Sales,2024-01-06,2024-12-28,52,780,2932,2948
2024_us_singles,R&B Hip-Hop Streaming Songs,2024-01-06,2024-12-28,52,1300,3061,3088
2024_us_singles,Hot R&B Songs,2024-01-06,2024-12-28,52,1300,3203,3230
2024_us_singles,Rap Digital Sales,2024-01-06,2024-12-28,52,520,3339,3350
2024_us_singles,Rap Streaming Songs,2024-01-06,2024-12-28,52,780,3433,3449
2024_us_singles,Rock Digital Sales,2024-01-06,2024-12-28,52,780,3545,3561
2024_us_singles,Rock Streaming Songs,2024-01-06,2024-12-28,52,1300,3639,3666
2024_us_singles,Hard Rock Digital Song Sales,2024-01-06,2024-12-28,52,520,3754,3765
2024_us_singles,Hard Rock Streaming Songs,2024-01-06,2024-12-28,52,1300,3819,3846
2024_us_singles,Hot Alternative Songs,2024-01-06,2024-12-28,52,1300,3915,3942
2024_us_singles,Alternative Digital Song Sales,2024-01-06,2024-12-28,52,520,4034,4045
2024_us_singles,Alternative Streaming Songs,2024-01-06,2024-12-28,52,1300,4106,4133
2024_us_singles,Hot Hard Rock Songs,2024-01-06,2024-12-28,52,1300,4219,4246
2024_us_singles,Radio Songs,2024-01-06,2024-12-28,52,2600,4348,4399
2024_us_singles,R&B Airplay,2024-01-06,2024-12-28,52,2600,4521,4572
2024_us_singles,Top 40 Radio - Pop,2024-01-06,2024-12-28,52,2080,4683,4726
2024_us_singles,Top 40 Radio - Rhythmic,2024-01-06,2024-12-28,52,2080,4830,4873
2024_us_singles,Adult R&B Airplay,2024-01-06,2024-12-28,52,1560,4962,4994
2024_us_singles,Mainstream R&B Hip-Hop Airplay,2024-01-06,2024-12-28,52,2080,5091,5134
2024_us_singles,Mainstream Top 40 Recurrents,2024-01-06,2024-12-28,52,520,5214,5225
2024_us_singles,Rap Airplay,2024-01-06,2024-12-28,52,1300,5289,5316
2024_us_singles,Hot Dance Airplay,2024-01-06,2024-12-28,52,2080,5425,5468
2024_us_singles,Rock Airplay,2024-01-06,2024-12-28,52,2600,5572,5623
2024_us_singles,Bubbling Under The Hot 100,2024-01-06,2024-12-28,52,1300,5782,5809
2025_us_singles,Billboard Hot 100,2025-01-04,2025-12-27,52,5200,140,243
2025_us_singles,Country Singles Chart,2025-01-04,2025-12-27,52,3120,444,508
2025_us_singles,Rhythm And Blues Singles Chart,2025-01-04,2025-12-27,52,2600,670,721
2025_us_singles,Adult Contemporary,2025-01-04,2025-12-27,52,1560,869,901
2025_us_singles,Hot Rap Singles,2025-01-04,2025-12-27,52,1300,1007,1034
2025_us_singles,Adult Pop Songs,2025-01-04,2025-12-27,52,2080,1143,1186
2025_us_singles,Digital Song Sales,2025-01-04,2025-12-27,52,1300,1310,1337
2025_us_singles,Hot Rock & Alternative Songs,2025-01-04,2025-12-27,52,2600,1481,1533
2025_us_singles,Hot Rock Songs,2025-01-04,2025-12-27,52,1300,1649,1676
2025_us_singles,Mainstream Rock Tracks,2025-01-04,2025-12-27,52,2080,1774,1817
2025_us_singles,Modern Rock Tracks,2025-01-04,2025-12-27,52,2080,1908,1951
2025_us_singles,Country Airplay,2025-01-04,2025-12-27,52,2600,2046,2097
2025_us_singles,Holiday Digital Song Sales,2025-01-04,2025-12-27,6,150,2183,2186
2025_us_singles,Songs Of Summer,2025-06-07,2025-09-06,14,280,2239,2244
2025_us_singles,Streaming Songs,2025-01-04,2025-12-27,52,2600,2342,2393
2025_us_singles,Country Digital Sales,2025-01-04,2025-12-27,52,780,2538,2554
2025_us_singles,Country Streaming Songs,2025-01-04,2025-12-27,52,1300,2627,2654
2025_us_singles,R&B Digital Song Sales,2025-01-04,2025-12-27,52,520,2740,2751
2025_us_singles,R&B Streaming Songs,2025-01-04,2025-12-27,52,780,2814,2830
2025_us_singles,R&B Hip-Hop Digital Sales,2025-01-04,2025-12-27,52,780,2919,2935
2025_us_singles,R&B Hip-Hop Streaming Songs,2025-01-04,2025-12-27,52,1300,3043,3070
2025_us_singles,Hot R&B Songs,2025-01-04,2025-12-27,52,1300,3178,3205
2025_us_singles,Rap Digital Sales,2025-01-04,2025-12-27,52,520,3308,3319
2025_us_singles,Rap Streaming Songs,2025-01-04,2025-12-27,52,780,3401,3417
2025_us_singles,Rock Digital Sales,2025-01-04,2025-12-27,52,780,3513,3530
2025_us_singles,Rock Streaming Songs,2025-01-04,2025-12-27,52,1300,3613,3640
2025_us_singles,Hard Rock Digital Song Sales,2025-01-04,2025-12-27,52,520,3730,3741
2025_us_singles,Hard Rock Streaming Songs,2025-01-04,2025-12-27,52,1300,3796,3823
2025_us_singles,Hot Alternative Songs,2025-01-04,2025-12-27,52,1300,3894,3921
2025_us_singles,Alternative Digital Song Sales,2025-01-04,2025-12-27,52,520,4017,4028
2025_us_singles,Alternative Streaming Songs,2025-01-04,2025-12-27,52,1300,4086,4113
2025_us_singles,Hot Hard Rock Songs,2025-01-04,2025-12-27,52,1300,4199,4226
2025_us_singles,Radio Songs,2025-01-04,2025-12-27,52,2600,4324,4375
2025_us_singles,R&B Airplay,2025-01-04,2025-12-27,52,2600,4497,4548
2025_us_singles,Top 40 Radio - Pop,2025-01-04,2025-12-27,52,2080,4654,4697
2025_us_singles,Top 40 Radio - Rhythmic,2025-01-04,2025-12-27,52,2080,4800,4843
2025_us_singles,Adult R&B Airplay,2025-01-04,2025-12-27,52,1560,4934,4966
2025_us_singles,Mainstream R&B Hip-Hop Airplay,2025-01-04,2025-12-27,52,2080,5059,5102
2025_us_singles,Mainstream Top 40 Recurrents,2025-01-04,2025-12-27,52,520,5174,5185
2025_us_singles,Rap Airplay,2025-01-04,2025-12-27,52,1300,5252,5279
2025_us_singles,Hot Dance Airplay,2025-01-04,2025-12-27,52,2080,5389,5432
2025_us_singles,Rock Airplay,2025-01-04,2025-12-27,52,2600,5536,5587
2025_us_singles,Bubbling Under The Hot 100,2025-01-04,2025-12-27,52,1300,5754,5781
